city,Country,Region,tier,Schengen_Area,Digital_Nomad_Visa,Visa_Type_Details,Visa_Duration,Visa_Monthly_Income_Requirement_EUR,Max_Stay_Days,Max_Stay_Notes,Visa_Eligibility,Visa_Score,Bureaucracy_Ease_Score,Application_URL,Processing_Time_Days,Premium_Insights,Last_Updated
Lisbon,Portugal,Southern Europe,premium,Schengen Area,Yes,D7 Passive Income / D8 Digital Nomad Visa,"2 years, renewable",3040,730,"D7/D8 visa grants 2-year residence permit, renewable. EU citizens: unlimited free movement. Non-EU: visa required after 90 days.",Non-EU citizens; EU citizens free movement,Excellent – best-in-class nomad visa ecosystem,Moderate – improving but SEF queues exist,https://vistos.mne.gov.pt,60,"D7 requires passive income €760/mo; D8 requires remote employment proof. NHR tax regime offers 0-20% on foreign income for 10 years. Best coworking: Second Home, Selina, Avila Spaces. WebSummit held annually. Strong startup and freelancer ecosystem. Best for: solo entrepreneurs, lifestyle-first nomads.",2026-02-21
Barcelona,Spain,Southern Europe,premium,Schengen Area,Yes,Spanish Digital Nomad Visa (Startups Law),"1 year initial, extendable to 3+2 years",2130,365,"DNV grants 1-year initial permit, extendable to 3+2 years. EU citizens: unlimited. Non-EU: 90 days visa-free in Schengen without DNV.",Non-EU citizens with remote employment/freelance proof,Good – competitive but Beckham Law tax benefit is strong,Moderate – bureaucracy improving post-Startups Law,https://www.exteriores.gob.es,45,"Beckham Law caps income tax at 24% for first 6 years for new residents. Requires working for non-Spanish company. Strong tech and startup scene. Best coworking: MOB, Aticco, Betahaus. High cost of living but lifestyle payoff is exceptional. Best for: tech workers, creatives, beach lovers.",2026-02-21
Berlin,Germany,Central Europe,premium,Schengen Area,No,Freiberufler (Freelance Artist/Journalist Visa) / Self-Employment Visa,1-3 years depending on type,4500,90,No DNV. Non-EU nationals: 90 days Schengen visa-free. Longer stay via Freiberufler or self-employment visa (3-6 month processing). EU citizens: unlimited free movement.,"Non-EU; requires German client/employer or freelance registration""","Moderate – no DNV, freelance visa is complex but achievable",Poor – Ausländerbehörde appointments notoriously difficult to get,https://service.berlin.de,120,"No dedicated DNV. Freiberufler visa best for creatives, journalists, programmers. Requires proof of German clients or employer. Appointment wait times 3-6 months at Ausländerbehörde. High tax burden (up to 45%) but world-class infrastructure. Best for: established freelancers with German clients.","2026-02-21"""
Prague,Czech Republic,Central Europe,premium,Schengen Area,Yes,Živnostenský list (Trade License / Zivno Visa),"2 years, renewable",5350,730,"Zivno (trade license) visa grants 2-year residence permit, renewable. EU citizens: unlimited. Non-EU: 90 days Schengen without Zivno visa.",Non-EU citizens; must register as sole trader,"Good – established pathway, EU Schengen access",Moderate,https://www.mvcr.cz,90,"Zivno (trade license) is the go-to for freelancers. Register as sole trader, pay low social/health contributions. Effective tax rate can be as low as 15-20% using lump-sum expense deduction (60% of income). Strong expat and nomad community. Best for: freelancers wanting low-tax EU Schengen base in Central Europe.",2026-02-21
Budapest,Hungary,Central Europe,premium,Schengen Area,Yes,White Card (Digital Nomad Visa),"1 year, renewable once",2000,365,"White Card grants 1 year, renewable once (2 years max). EU citizens: unlimited. Non-EU: 90 days Schengen without White Card.",Non-EU citizens working remotely,"Good – low income requirement, flat 15% tax",Moderate,https://konzuliszolgalat.kormany.hu,30,"15% flat personal income tax – one of the lowest in EU. White Card requires €2000/month income. Cannot work for Hungarian clients. Strong ruin bar culture and expat scene. Best coworking: Impact Hub, Loffice. Best for: nomads wanting EU Schengen base with flat low tax and low cost of living.",2026-02-21
Tallinn,Estonia,Northern Europe,premium,Schengen Area,Yes,Digital Nomad Visa,1 year,3504,365,DNV grants 1-year residence permit. EU citizens: unlimited. Non-EU: 90 days Schengen visa-free without DNV. e-Residency does not grant physical residency rights.,Non-EU citizens working remotely,Excellent – e-Residency program is globally unique,Excellent – most digital government in Europe,https://www.politsei.ee/en/nomad-visa,30,"e-Residency allows running EU company remotely from anywhere in the world – company registration in 15 minutes online. DNV grants physical residency. 0% corporate tax on reinvested profits. 20% distribution tax only when profits withdrawn. World's most advanced digital government. Best for: entrepreneurs wanting EU company, digital-first nomads.",2026-02-21
Valencia,Spain,Southern Europe,premium,Schengen Area,Yes,Spanish Digital Nomad Visa (Startups Law),"1 year initial, extendable to 3+2 years",2130,365,"DNV grants 1-year initial permit, extendable to 3+2 years. EU citizens: unlimited. Non-EU: 90 days visa-free without DNV.",Non-EU citizens with remote employment/freelance proof,Good – underrated Spanish DNV city,Good – smoother than Madrid/Barcelona,https://www.exteriores.gob.es,40,"Same Startups Law and Beckham Law as other Spanish cities. Lower cost of living and less bureaucratic backlog than Madrid/Barcelona. Excellent beach-city balance. Best coworking: Las Naves, Espai Open. Best for: families, beach-lifestyle nomads on a budget.",2026-02-21
Porto,Portugal,Southern Europe,premium,Schengen Area,Yes,D7 Passive Income / D8 Digital Nomad Visa,"2 years, renewable",3040,730,"D7/D8 visa grants 2-year residence permit, renewable. EU citizens: unlimited. Non-EU: visa required after 90 days Schengen allowance.",Non-EU citizens; EU citizens free movement,"Excellent – same framework as Lisbon, less crowded",Moderate,https://vistos.mne.gov.pt,60,"Same D7/D8 and NHR framework as Lisbon. Significantly more affordable and less crowded. Growing nomad scene. Best coworking: Porto i/o, BDMI, Coworklisboa Porto. Best for: budget-conscious nomads who want Portugal lifestyle without Lisbon prices.",2026-02-21
Athens,Greece,Southern Europe,premium,Schengen Area,Yes,Digital Nomad Visa (Law 4825/2021),"1 year, renewable for 1 more year",3500,365,"DNV grants 1 year, renewable once for a 2nd year only (max 2 years total on DNV). EU citizens: unlimited. Non-EU: 90 days Schengen visa-free without DNV.",Non-EU citizens working remotely for non-Greek employers,Good – 50% income tax reduction is strong incentive,Moderate – improving but still bureaucratic,https://www.mfa.gr,30,"50% income tax exemption for first 7 years for new tax residents. Requires staying 183+ days/year. Flat tax alternative: €100k/year for non-dom status. Best coworking: Synergy, The Cube Athens. Best for: high earners wanting Mediterranean lifestyle with serious tax savings.",2026-02-21
Krakow,Poland,Central Europe,premium,Schengen Area,No,Business / Temporary Residence,1-3 years,0,90,No DNV. Non-EU nationals: 90 days Schengen visa-free. Longer stay via residence/business permit. EU citizens: unlimited.,"EU free movement; non-EU via residence/business""","Moderate – lower cost than Warsaw, same visa framework",Moderate,https://www.gov.pl/web/visa,45,Same Polish business framework as Warsaw. Significantly cheaper. Strong student and expat energy. Large English-speaking community. Best for: EU nomads wanting affordable Central European base.,"2026-02-21"""
Split,Croatia,Southern Europe,premium,Schengen Area,Yes,Croatian Digital Nomad Visa,"1 year (non-renewable, must leave for 6 months)",2260,365,Croatian DNV grants 1 year. Cannot be immediately renewed – must exit Croatia for 6 months before reapplying. EU citizens: unlimited. Non-EU: 90 days Schengen without DNV.,Non-EU citizens working remotely for non-Croatian employers/clients,"Good – straightforward process, scenic lifestyle",Good,https://mup.gov.hr,15,Tax exemption on income while on Croatian DNV – pay no Croatian income tax. One of the fastest-processing DNVs in Europe (2 weeks). Cannot be renewed – must exit for 6 months before reapplying. Best for: nomads wanting EU Schengen base with zero income tax for a year.,2026-02-21
Sofia,Bulgaria,Eastern Europe,premium,Non-Schengen EU,Yes,D Visa for Self-Employed / Freelancers,"1 year, renewable",2000,365,"D Visa for freelancers grants 1-year residence, renewable. EU citizens: unlimited. Non-EU: 90 days visa-free (Bulgaria has separate allowance from Schengen, now joining).",Non-EU citizens with freelance/remote income,Good – 10% flat tax is exceptional value,Moderate,https://www.mfa.bg,30,"10% flat income tax – one of EU's lowest. 10% corporate tax. D visa for freelancers with relatively low income threshold. EU member but not Schengen (joining in progress). Very low cost of living. Best coworking: Campus X, Betahaus Sofia. Best for: tax-efficiency seekers, budget nomads wanting EU base.",2026-02-21
Bucharest,Romania,Eastern Europe,premium,Non-Schengen EU,No,Long-Stay Visa / Self-Employment,1 year,3300,90,No DNV. EU citizens: unlimited. Non-EU: 90 days visa-free then Long-Stay D visa required. Romania is EU but not yet fully Schengen – separate 90-day allowance from Schengen.,"EU free movement; non-EU via long-stay D visa""",Moderate – EU member but no DNV yet,Poor – Romanian bureaucracy is complex,https://eviza.mae.ro,60,"10% flat income tax and micro-enterprise tax of 1-3% of revenue – very tax competitive. EU member but not yet Schengen (joining in progress). Strong IT sector. Low cost base. Best for: EU citizens wanting ultra-low tax EU base, tech workers.","2026-02-21"""
Tbilisi,Georgia,Eastern Europe,premium,Non-Schengen Non-EU,Yes,Remotely from Georgia Program,Up to 1 year,0,365,"Most nationalities (EU, US, UK, etc.) genuinely visa-free for 365 days – no visa required. Longer stay via residence permit. Non-EU, non-Schengen country.",Most nationalities visa-free for 1 year,Excellent – 1 year visa-free + 1% tax on foreign income,Excellent – extremely easy to set up,https://stopin.ge,1,"Unique 1% tax on foreign-sourced income remitted from abroad via Virtual Zone or individual entrepreneur status. Most nationalities can stay 1 year visa-free without registration. Extremely easy to open bank account and register business. Fast-growing nomad scene. Best for: budget nomads, tax-minimization seekers, those wanting non-EU flexibility.",2026-02-21
Belgrade,Serbia,Eastern Europe,premium,Non-Schengen Non-EU,No,Temporary Residence Permit,"1 year, renewable",3500,90,"No DNV. EU and many non-EU nationals visa-free 90 days. Longer stay via Temporary Residence Permit. Non-Schengen, non-EU – Schengen 90-day rule does not reset here.",EU citizens visa-free 90 days; others vary,Moderate – no DNV but Serbia is a nomad favourite,Moderate,https://mup.gov.rs,30,"10% flat income and corporate tax – one of Europe's lowest. No DNV but visa-free for many nationalities for 90 days. Temporary residence obtainable by renting. Growing tech outsourcing scene. Extremely low cost of living. Best for: budget nomads, Balkan lifestyle seekers, tax-efficient freelancers.",2026-02-21
Vilnius,Lithuania,Northern Europe,premium,Schengen Area,Yes,Temporary Residence Permit for Remote Workers,1-2 years,3720,365,Temporary Residence Permit for remote workers grants 1-2 years. EU citizens: unlimited. Non-EU: 90 days Schengen without permit.,Non-EU citizens working remotely,Good – fast-growing startup ecosystem,Good,https://migracija.lrv.lt,30,"Lithuania's startup visa ecosystem is booming post-Brexit as fintech companies relocated from London. 15% flat income tax. Strong fintech and blockchain scene. Government actively promoting tech talent attraction. Best for: fintech/blockchain workers, EU-seeking nomads.",2026-02-21
Riga,Latvia,Northern Europe,premium,Schengen Area,No,Temporary Residence for Self-Employed,1-5 years,2750,365,Self-employment residence permit grants 1-5 years. EU citizens: unlimited. Non-EU: 90 days Schengen visa-free without permit. Shown as 365 (1-year initial grant).,Non-EU via self-employment or company formation,Moderate – no DNV but affordable EU Schengen,Moderate,https://www.pmlp.gov.lv,30,No dedicated DNV. Self-employment residence available. 20% flat income tax. 0% tax on reinvested corporate profits. Declining population trend – government actively welcoming skilled foreigners. Best for: EU-seeking nomads wanting Baltic base at lower cost than Tallinn.,2026-02-21
Amsterdam,Netherlands,Western Europe,premium,Schengen Area,No,Highly Skilled Migrant / ZZP Self-Employment,1-5 years,0,90,No DNV. Non-EU nationals: 90 days Schengen visa-free. ZZP self-employment available for EU citizens without sponsor. Non-EU needs HSM with employer. EU citizens: unlimited.,EU free movement; non-EU via HSM or ZZP,Moderate – 30% ruling attractive but employer required,Good,https://ind.nl,90,30% ruling: 30% of salary tax-free for 5 years (requires employer sponsor). ZZP self-employment for EU citizens – straightforward to register. No DNV. High income tax (49.5% top rate) offset by 30% ruling. Best for: employed tech workers with Dutch company offer.,2026-02-21
Copenhagen,Denmark,Northern Europe,premium,Schengen Area,No,Work Permit / Residence,1-4 years,4600,90,No DNV. Non-EU nationals: 90 days Schengen visa-free. Longer stay requires employer-sponsored work permit. EU citizens: unlimited.,"EU free movement; non-EU via sponsored work permit""","Poor – no DNV, very high tax burden",Good – digital but requires employer sponsor,https://www.nyidanmark.dk,60,No DNV. Researcher/specialist visas available but require employer sponsor. Income tax 55%+. Best for EU citizens enjoying world-class quality of life if cost is not primary concern. Not recommended for independent nomads/freelancers.,"2026-02-21"""
Stockholm,Sweden,Northern Europe,premium,Schengen Area,No,Work / Self-Employment Permit,1-2 years,0,90,No DNV. Non-EU nationals: 90 days Schengen visa-free. Self-employment permit available but requires proven business activity. EU citizens: unlimited.,"EU free movement; non-EU requires employer or self-employment""","Poor – no DNV, tax 50%+",Good,https://www.migrationsverket.se,90,No DNV. Self-employment permit requires proven business activity. High tax (50%+). Best for EU citizens or those with Swedish employer. Not cost-effective for most nomads but quality of life is exceptional. Best for: established professionals with Swedish connections.,"2026-02-21"""
Edinburgh,Scotland,Western Europe,premium,Non-Schengen Non-EU,No,Skilled Worker Visa / Global Talent Visa,Up to 5 years,1850,90,"No DNV. Non-Schengen, non-EU (post-Brexit UK). Non-EU including EU nationals: 6 months visa-free as visitor. Longer stay requires Skilled Worker visa with employer sponsor. Note: EU citizens no longer have free movement in UK.",Requires UK employer sponsor or Global Talent endorsement,Poor for independent nomads – post-Brexit visa complexity,Good,https://www.gov.uk/skilled-worker-visa,30,"Post-Brexit, non-EU UK visas require employer sponsor (Skilled Worker) or endorsement body (Global Talent). No DNV. UK income tax up to 45%. Non-Schengen Non-EU. Best for: employed workers with UK employer, Global Talent endorsed individuals in tech/arts/research.",2026-02-21
Dublin,Ireland,Western Europe,premium,Non-Schengen EU,No,Critical Skills / Stamp 1G,2 years,0,90,No DNV. Non-Schengen EU – separate 90-day allowance from Schengen. Non-EU: 90 days visa-free for many nationalities. Longer stay via Critical Skills or employer sponsorship. EU citizens: unlimited.,"EU free movement; non-EU via Critical Skills or employer""","Poor for nomads – no DNV, housing crisis is severe",Good,https://www.irishimmigration.ie,90,"No DNV. Irish holding company structure attractive for international businesses (12.5% corporate tax). Non-Schengen EU – different travel rules. Severe housing shortage keeps costs very high. Best for: employed workers with Irish tech company offer, business owners using Irish corporate structure.","2026-02-21"""
Munich,Germany,Western Europe,premium,Schengen Area,No,Freiberufler / Self-Employment Visa,1-3 years,4500,90,No DNV. Non-EU nationals: 90 days Schengen visa-free. Longer stay via Freiberufler/self-employment visa. EU citizens: unlimited free movement.,"Non-EU via Freiberufler or self-employment; EU free movement""","Moderate – same as Berlin framework, easier than Berlin bureaucracy",Moderate,https://www.muenchen.de/rathaus/auslaenderdirektion,90,Same Freiberufler visa as Berlin but Bavarian administration generally more efficient. High cost but world-class engineering/tech ecosystem. Trade fair capital. Best for: tech professionals with German clients or employer.,"2026-02-21"""
Vienna,Austria,Western Europe,premium,Schengen Area,No,Red-White-Red Card (Self-Employment),"2 years, renewable",0,90,No DNV. Non-EU nationals: 90 days Schengen visa-free. Longer stay via Red-White-Red Card (self-employed) – 2 years renewable. EU citizens: unlimited.,Non-EU via RWR Card; EU free movement,Moderate – no DNV but RWR card available for self-employed,Good,https://www.migration.gv.at,60,"Red-White-Red Card for self-employed requires business plan and income projection. 55% top income tax but effective rate lower with deductions. Exceptional quality of life consistently ranked #1 globally. Best for: established professionals, quality-of-life prioritizers.",2026-02-21
Malta,Malta,Southern Europe,premium,Non-Schengen EU,Yes,Nomad Residence Permit,"1 year, renewable",2700,365,"Nomad Residence Permit grants 1 year, renewable. Non-Schengen EU – different travel rules apply. EU citizens: unlimited residency rights.",Non-EU citizens working remotely,Good – English-speaking EU country advantage,Good,https://residencymalta.gov.mt,30,"Only English-speaking EU country with dedicated DNV. 15% flat tax on foreign income remitted to Malta under Global Residence Programme. Non-Schengen but EU member – different travel rules apply. Best coworking: Regus Malta, The Spot. Best for: English-first nomads, those wanting EU base with favorable tax.",2026-02-21
Malaga,Spain,Southern Europe,premium,Schengen Area,Yes,Spanish Digital Nomad Visa (Startups Law),"1 year initial, extendable to 3+2 years",2130,365,"DNV grants 1-year initial permit, extendable to 3+2 years. EU citizens: unlimited. Non-EU: 90 days visa-free without DNV.",Non-EU citizens with remote employment/freelance proof,Good – rising nomad hub with strong DNV adoption,Good,https://www.exteriores.gob.es,40,"Fastest-growing nomad city in Spain. Google campus opened 2023. Beckham Law applies. Strong tech community forming. Best coworking: La Térmica, Citek. Best for: tech workers, sun-seekers, those wanting affordable Spain with fast growth.",2026-02-21
Nice,France,Western Europe,premium,Schengen Area,No,Talent Passport / Profession Libérale,4 years,3570,90,No DNV. Non-EU nationals: 90 days Schengen visa-free. Longer stay via Talent Passport (4 years) or auto-entrepreneur registration. EU citizens: unlimited.,"Non-EU via Talent Passport; EU free movement""",Moderate – French admin complex but Talent Passport is strong,Poor – French bureaucracy is notoriously slow,https://france-visas.gouv.fr,90,"French Talent Passport (Passeport Talent) valid 4 years for skilled workers. Profession libérale status for freelancers (auto-entrepreneur). Income tax up to 45% but social charges moderate for auto-entrepreneur. Monaco proximity for ultra-wealthy (20min away, 0% income tax). Best for: EU citizens, high-earners considering Monaco base.","2026-02-21"""
Sarajevo,Bosnia,Southern Europe,premium,Non-Schengen Non-EU,No,Temporary Residence Permit,"1 year, renewable",0,90,"No dedicated DNV. EU citizens visa-free 90 days. Non-EU varies by nationality. Longer stay via Temporary Residence Permit – complex process. Non-EU, non-Schengen.",EU citizens visa-free; non-EU varies by nationality,Low – no dedicated nomad framework yet,Poor – complex Bosnian administrative system,https://www.mup.ks.gov.ba,60,"No DNV. Extremely low cost of living compensates. 10% flat income tax and 10% corporate tax – very competitive. EU candidate country. Bureaucracy is complex but doable with local help. Best for: ultra-budget nomads, adventure seekers, those testing the Balkans.",2026-02-21
Tirana,Albania,Southern Europe,premium,Non-Schengen Non-EU,No,Residence Permit (Type D),"1 year, renewable",0,90,"No dedicated DNV. Most nationalities (EU, US, UK etc.) visa-free for 90 days. Longer stay via Type D residence permit requires application in-country. Non-EU/Schengen country.",Most nationalities visa-free for 90 days; longer stay via residence,Moderate – no formal DNV but very accessible,Moderate,https://e-albania.al,30,"No formal DNV but most nationalities can stay visa-free for 90 days without registration. Flat 15% income tax. 15% corporate tax. Very low cost base. EU candidate country. Best for: ultra-budget nomads, those comfortable outside EU framework.",2026-02-21
Brno,Czech Republic,Central Europe,premium,Schengen Area,Yes,Živnostenský list (Zivno / Trade License),"2 years, renewable",5350,730,"Zivno visa grants 2-year residence permit, renewable. Same framework as Prague. EU citizens: unlimited. Non-EU: 90 days Schengen without visa.",Non-EU; must register as sole trader in Czech Republic,"Good – same as Prague, much cheaper city",Moderate,https://www.mvcr.cz,90,Same Zivno framework as Prague with much lower cost of living. University city feel. Growing tech ecosystem. Best for: nomads wanting Prague-framework benefits at lower price point.,2026-02-21
Gdansk,Poland,Central Europe,premium,Schengen Area,No,Business / Temporary Residence,1-3 years,0,90,No DNV. Non-EU nationals: 90 days Schengen visa-free. Longer stay via residence permit. EU citizens: unlimited.,EU free movement; non-EU via residence/business,Moderate,Moderate,https://www.gov.pl/web/visa,45,Coastal Polish city with lower cost than Warsaw. Same business visa framework. Amber Road history and Baltic Sea lifestyle. Best for: EU nomads wanting coastal Polish lifestyle.,2026-02-21
Ljubljana,Slovenia,Central Europe,premium,Schengen Area,No,Temporary Residence for Self-Employed,1-2 years,4000,90,No DNV. Non-EU nationals: 90 days Schengen visa-free. Longer stay via self-employment temporary residence (1-2 years). EU citizens: unlimited.,"EU free movement; non-EU via self-employment residence""",Moderate – no DNV but stable EU Schengen,Good,https://www.gov.si,45,"No dedicated DNV. Self-employment residence requires demonstrable income. 19% flat income tax for sole traders. Slovenia has excellent work-life balance scores. Best for: quality-of-life-first nomads wanting small, clean, safe EU city.","2026-02-21"""
Cluj-Napoca,Romania,Eastern Europe,premium,Non-Schengen EU,No,Long-Stay Visa / Self-Employment,1 year,3300,90,No DNV. EU citizens: unlimited. Non-EU: 90 days then Long-Stay D visa. Romania has separate entry allowance from Schengen zone.,"EU free movement; non-EU via long-stay D visa""","Moderate – Romania's tech hub, same framework as Bucharest",Moderate,https://eviza.mae.ro,60,"Same Romanian tax advantages as Bucharest (10% flat / 1-3% micro-enterprise). Cluj is Romania's fastest-growing tech city. Strong expat community. Best for: tech workers, startup founders wanting low-cost EU base.","2026-02-21"""
Wroclaw,Poland,Central Europe,premium,Schengen Area,No,Business / Temporary Residence,1-3 years,0,90,No DNV. Non-EU nationals: 90 days Schengen visa-free. Longer stay via residence permit. EU citizens: unlimited.,"EU free movement; non-EU via residence/business""",Moderate – underrated Polish city,Moderate,https://www.gov.pl/web/visa,45,"Same Polish business framework. Lower cost than Warsaw/Krakow. Growing tech scene. High quality of life for price. Best for: EU nomads wanting affordable, less-touristy Polish city.","2026-02-21"""
Seville,Spain,Southern Europe,premium,Schengen Area,Yes,Spanish Digital Nomad Visa (Startups Law),"1 year initial, extendable to 3+2 years",2130,365,"DNV grants 1-year initial permit, extendable to 3+2 years. EU citizens: unlimited. Non-EU: 90 days visa-free without DNV.",Non-EU citizens with remote employment/freelance proof,Good,Good,https://www.exteriores.gob.es,40,"Beckham Law applies. Intense summer heat (40°C+) a key consideration. Rich cultural scene. Growing startup ecosystem. Best coworking: Coco Sevilla, Espacio Open. Best for: culture enthusiasts, Andalusia lifestyle seekers.",2026-02-21
Granada,Spain,Southern Europe,premium,Schengen Area,Yes,Spanish Digital Nomad Visa (Startups Law),"1 year initial, extendable to 3+2 years",2130,365,"DNV grants 1-year initial permit, extendable to 3+2 years. EU citizens: unlimited. Non-EU: 90 days visa-free without DNV.",Non-EU citizens with remote employment/freelance proof,Good – cheapest DNV-eligible Spanish city,Good,https://www.exteriores.gob.es,35,"Most affordable of the Spanish DNV cities. University city with young energy. Alhambra culture. Beckham Law applies. Small but growing nomad community. Best for: budget nomads, culture seekers, those wanting authentic Spain.",2026-02-21
Thessaloniki,Greece,Southern Europe,premium,Schengen Area,Yes,Digital Nomad Visa (Law 4825/2021),"1 year, renewable",3500,365,"Same Greek DNV as Athens: 1 year, renewable once (2 years max). EU citizens: unlimited. Non-EU: 90 days Schengen without DNV.",Non-EU citizens working remotely for non-Greek employers,Good – same as Athens framework but less competition,Moderate,https://www.mfa.gr,30,Same 50% tax exemption as Athens. Much cheaper city. Smaller nomad community but growing. University city energy. Best for: budget nomads wanting Greek DNV benefits without Athens cost.,2026-02-21
Plovdiv,Bulgaria,Eastern Europe,premium,Non-Schengen EU,No,D Visa / Residence Permit,1 year,2000,90,No dedicated DNV. EU citizens: unlimited. Non-EU: 90 days then D Visa or residence permit required. Bulgaria separate Schengen allowance.,"EU free movement; non-EU via D visa""","Moderate – same tax as Sofia, half the infrastructure",Moderate,https://www.mfa.bg,45,Same 10% Bulgarian flat tax. Much smaller and cheaper than Sofia. 2019 European Capital of Culture – strong arts scene. Best for: budget nomads wanting ultra-quiet EU base with low tax.,"2026-02-21"""
Funchal,Madeira,Southern Europe,premium,Schengen Area,Yes,D7 / D8 Visa,"2 years, renewable",3040,730,"D7/D8 visa grants 2-year residence permit, renewable. EU citizens: unlimited. Non-EU: visa required after 90 Schengen days.",Non-EU citizens; EU citizens free movement,"Good – same as mainland Portugal, quieter application process",Good,https://vistos.mne.gov.pt,50,"NHR regime applies same as mainland. Madeira Digital Nomad Village in Ponta do Sol offers community infrastructure. Smaller but tight-knit nomad scene. Best for: nature lovers, remote workers wanting island life with EU stability.",2026-02-21
Las Palmas,Gran Canaria,Southern Europe,premium,Schengen Area,Yes,Spanish Digital Nomad Visa (Startups Law),"1 year initial, extendable to 3+2 years",2130,365,"DNV grants 1-year initial permit, extendable to 3+2 years. EU citizens: unlimited. Canary Islands are Schengen zone.",Non-EU citizens with remote employment/freelance proof,Excellent – year-round spring climate is unique advantage,Good,https://www.exteriores.gob.es,40,"Unique 22°C year-round climate. Canary Islands ZEC tax zone offers 4% corporate tax for registered companies – significant for freelancers who incorporate. Strong surf and outdoor nomad community. Best coworking: Coworking Las Palmas, The Office. Best for: outdoor-lifestyle nomads, surfers, tax-savvy freelancers.",2026-02-21
Timisoara,Romania,Eastern Europe,premium,Non-Schengen EU,No,Long-Stay Visa / Self-Employment,1 year,3300,90,No DNV. EU citizens: unlimited. Non-EU: 90 days then Long-Stay D visa. Romania separate from Schengen allowance.,"EU free movement; non-EU via long-stay D visa""",Low-Moderate – Romania's western gateway city,Moderate,https://eviza.mae.ro,60,"Same Romanian tax framework. Westernmost Romanian city, close to Hungary and Serbia borders. 2023 European Capital of Culture. Smaller nomad community but growing. Best for: nomads wanting ultra-affordable EU base off the beaten path.","2026-02-21"""
Bratislava,Slovakia,Central Europe,premium,Schengen Area,No,Temporary Residence / Self-Employment,1-3 years,0,90,No DNV. Non-EU nationals: 90 days Schengen visa-free. Longer stay via self-employment residence permit (1-3 years). EU citizens: unlimited.,EU free movement; non-EU via residence permit,Moderate – proximity to Vienna is unique advantage,Moderate,https://www.minv.sk,60,No dedicated DNV. Self-employment permit available. 21% flat income tax. Low social contributions option. 1 hour from Vienna by train – access to two cities. EU Schengen. Best for: EU nomads wanting low-cost Central European base with Austrian proximity.,2026-02-21
Nicosia,Cyprus,Southern Europe,premium,Non-Schengen EU,Yes,Digital Nomad Visa,"1 year, renewable once",3500,365,"DNV grants 1 year, renewable once (2 years max). Non-Schengen EU. EU citizens: unlimited. Non-EU: 90 days visa-free without DNV.",Non-EU citizens working remotely for non-Cypriot employers,Good – 0% on dividends and capital gains,Moderate,https://www.mfa.gov.cy,45,"12.5% corporate tax – lowest in EU. 0% tax on dividends and capital gains. Non-dom status available. English widely spoken. Non-Schengen EU. Best for: entrepreneurs, investors, those structuring companies with tax efficiency in mind.",2026-02-21
Groningen,Netherlands,Northern Europe,premium,Schengen Area,No,Highly Skilled Migrant / Self-Employment,1-5 years,0,90,No DNV. Non-EU nationals: 90 days Schengen visa-free. ZZP for EU citizens. Non-EU needs employer for HSM permit. EU citizens: unlimited.,"EU free movement; non-EU via HSM or self-employment""",Moderate – 30% ruling is attractive for high earners,Good,https://ind.nl,90,"Netherlands 30% ruling exempts 30% of salary from tax for first 5 years for incoming workers. Requires employer sponsor. Self-employment via ZZP (sole trader) available for EU citizens. Smaller and cheaper than Amsterdam. Best for: employed nomads with Dutch employer, EU citizens.","2026-02-21"""
Innsbruck,Austria,Western Europe,premium,Schengen Area,No,Red-White-Red Card,"2 years, renewable",0,90,No DNV. Non-EU nationals: 90 days Schengen visa-free. Red-White-Red Card same as Vienna. EU citizens: unlimited.,Non-EU via RWR Card; EU free movement,"Moderate – same Austrian framework, Alpine lifestyle premium",Good,https://www.migration.gv.at,60,"Same Austrian RWR Card framework as Vienna. Smaller admin backlog. World-class ski and outdoor lifestyle. University city. Best for: outdoor-lifestyle nomads wanting Austrian stability, smaller city feel.",2026-02-21
Cork,Ireland,Western Europe,premium,Non-Schengen EU,No,Critical Skills / Stamp 1G,2 years,0,90,No DNV. Non-Schengen EU. Non-EU: 90 days visa-free for many nationalities. Longer stay via employer-sponsored permit. EU citizens: unlimited.,"EU free movement; non-EU via Critical Skills""","Poor for nomads – same as Dublin framework, smaller city",Good,https://www.irishimmigration.ie,90,Same framework as Dublin at lower cost. 12.5% Irish corporate tax applies. Smaller expat nomad community. Best for: EU citizens wanting Irish lifestyle at lower cost than Dublin.,"2026-02-21"""
Aarhus,Denmark,Northern Europe,premium,Schengen Area,No,Work/Residence Permit,1-4 years,4600,90,No DNV. Non-EU nationals: 90 days Schengen visa-free. Work permit requires Danish employer sponsor. EU citizens: unlimited.,EU free movement; non-EU via sponsored work,Poor – same Danish restrictions as Copenhagen but cheaper city,Good,https://www.nyidanmark.dk,60,Same visa/tax framework as Copenhagen at lower cost. Second city of Denmark. University city feel. Not nomad-friendly from visa/tax perspective but great for EU citizens prioritizing lifestyle.,2026-02-21
