city,data_type,tier,1BR_Center_Cost,1BR_Center_EUR,1BR_Outside_Cost,1BR_Outside_EUR,2BR_Center_Cost,2BR_Center_EUR,2BR_Outside_Cost,2BR_Outside_EUR,3BR_Center_Cost,3BR_Center_EUR,3BR_Outside_Cost,3BR_Outside_EUR,Air_Quality_Score,Airport_International,Avg_Temp_Summer_C,Avg_Temp_Winter_C,Bike_Friendly_Score,Bureaucracy_Ease_Score,Cafe_Work_Culture_Score,City,Coffee_Culture_Score,Country,Coworking_Availability,Cultural_Events_Score,Dating_Scene_Score,Digital_Nomad_Visa,English_Proficiency_Score,Expat_Community_Size,Family_Friendly_Score,Fitness_Scene_Score,Flight_Connections_Score,Freelancer_Network_Score,Healthcare_Cost_Score,Healthcare_Quality_Score,International_Schools_Availability,International_Schools_Count,Internet_Avg_Mbps,Internet_Reliability_Score,Monthly_Budget_Family,Monthly_Budget_Family_EUR,Monthly_Budget_Single,Monthly_Budget_Single_EUR,Nightlife_Score,Nomad_Community_Score,Outdoor_Activities_Score,Playground_Parks_Score,Population_Density,Premium_Insights,Public_Transport_Score,Rainfall_Level,Rainy_Days_Year,Region,Restaurant_Diversity_Score,Safety_Score,Singles_Vibe_Score,Startup_Scene_Score,Studio_Center_Cost,Studio_Center_EUR,Studio_Outside_Cost,Studio_Outside_EUR,Summer_Temperature,Sunshine_Hours_Year,Sunshine_Level,Tax_Benefits_Premium,Tax_Level,Tax_Rate_Standard_Pct,Tech_Jobs_Score,Vegan_Friendly_Score,Vibe_Tags,Visa_Duration,Visa_Type_Details,Walkability_Score,Winter_Temperature
Lisbon,General,free,Moderate,900,Moderate,650,Moderate,1400,Moderate,1000,Moderate,1800,Moderate,1300,Good,LIS - Lisbon Portela,26,12,Good,,Excellent,Lisbon,Excellent,Portugal,Abundant,Excellent,Excellent,,Good,Very Large,Good,Good,Excellent,Excellent,Good,Good,Many,25,100-200,Excellent,Moderate,2800,Moderate,1400,Good,Excellent,Good,Good,Medium-High,,Good,Rainy,110,Southern Europe,Excellent,Good,Excellent,Good,Moderate,750,Moderate,550,Warm,2800,Very High Sunshine,,,,Good,Good,"Sunny, Creative, Beach-Adjacent, Startup Hub, Friendly, Historic",,,Excellent,Mild
Lisbon,Visa,premium,,,,,,,,,,,,,,,,,,Good,,,,,,,,Yes,,,,,,,,,,,,,,,,,,,,,,"Tax: NHR status gives huge breaks | Community: Largest nomad hub | Visa: D7 passive income €760/mo, D8 remote work | Cowork: SecondHome, Selina | Events: WebSummit annual | Best for: Solo entrepreneurs, lifestyle balance",,,,,,,,,,,,,,,,NHR regime (0-20% for specific income),Moderate Tax,28,,,,Long-term (2 years),D7/D8 Visa,,
Lisbon,Tax,premium,,,,,,,,,,,,,,,,,,,,,,,,,,,,,,,,,,,,,,,,,,,,,,,,,,,,,,,,,,,,,,,,NHR regime (0-20% for specific income),Moderate Tax,28,,,,,,,
Barcelona,General,free,Expensive,1100,Expensive,800,Expensive,1700,Expensive,1200,Expensive,2200,Expensive,1600,Good,BCN - El Prat,26,10,Good,,Excellent,Barcelona,Excellent,Spain,Abundant,Excellent,Excellent,,Good,Very Large,Good,Excellent,Excellent,Excellent,Good,Excellent,Many,35,200-400,Excellent,Moderate,3200,Moderate,1600,Excellent,Excellent,Excellent,Good,Very High,,Excellent,Dry,55,Southern Europe,Excellent,Good,Excellent,Excellent,Expensive,900,Moderate,650,Warm,2640,Very High Sunshine,,,,Good,Excellent,"Beach, Cosmopolitan, Nightlife, Design, Mediterranean, Vibrant",,,Excellent,Mild
Barcelona,Visa,premium,,,,,,,,,,,,,,,,,,Average,,,,,,,,Yes,,,,,,,,,,,,,,,,,,,,,,"Tax: Beckham law for new residents | Community: Huge expat scene | Visa: New DN visa €2000+/mo income | Cowork: Betahaus, MOB | Cons: Pickpockets, crowds | Best for: Social butterflies, beach lovers",,,,,,,,,,,,,,,,Beckham Law (24% flat for new residents),Moderate Tax,24,,,,Short-term (1 year),Non-Lucrative Visa / Digital Nomad,,
Barcelona,Tax,premium,,,,,,,,,,,,,,,,,,,,,,,,,,,,,,,,,,,,,,,,,,,,,,,,,,,,,,,,,,,,,,,,Beckham Law (24% flat for new residents),Moderate Tax,24,,,,,,,
Berlin,General,free,Moderate,1000,Moderate,750,Expensive,1550,Expensive,1150,Expensive,2000,Expensive,1500,Average,BER - Brandenburg,23,1,Excellent,,Good,Berlin,Excellent,Germany,Abundant,Excellent,Excellent,,Excellent,Very Large,Average,Good,Excellent,Excellent,Excellent,Excellent,Abundant,40,100-200,Good,Moderate,3000,Moderate,1500,Excellent,Excellent,Good,Average,Very High,,Excellent,Rainy,106,Central Europe,Excellent,Good,Excellent,Excellent,Moderate,800,Moderate,600,Mild,1658,Moderate Sunshine,,,,Excellent,Excellent,"Creative, Alternative, Tech, Nightlife, Liberal, Edgy, Raw",,,Good,Cold
Berlin,Visa,premium,,,,,,,,,,,,,,,,,,Average,,,,,,,,No,,,,,,,,,,,,,,,,,,,,,,"Tax: Freelancers get Künstlersozialkasse benefits | Visa: Freiberufler for creatives/IT | Community: Massive startup scene | Cowork: Factory, Betahaus | Culture: Best club scene in Europe | Best for: Creatives, tech workers, night owls",,,,,,,,,,,,,,,,Freelancer (Freiberufler) friendly tax,Very High Tax,42,,,,Long-term (3 years),Freelance Visa (Freiberufler),,
Berlin,Tax,premium,,,,,,,,,,,,,,,,,,,,,,,,,,,,,,,,,,,,,,,,,,,,,,,,,,,,,,,,,,,,,,,,Freelancer (Freiberufler) friendly tax,Very High Tax,42,,,,,,,
Prague,General,free,Moderate,800,Moderate,550,Moderate,1200,Moderate,850,Moderate,1600,Moderate,1150,Good,PRG - Vaclav Havel,22,0,Good,,Good,Prague,Good,Czech Republic,Many,Good,Good,,Good,Very Large,Good,Good,Good,Excellent,Excellent,Good,Many,30,80-150,Good,Affordable,2400,Affordable,1100,Good,Excellent,Good,Good,High,,Excellent,Moderate,90,Central Europe,Good,Excellent,Good,Good,Moderate,650,Affordable,450,Mild,1885,Good Sunshine,,,,Good,Good,"Historic, Beer Culture, Affordable, Beautiful, Central, Fairy-tale",,,Excellent,Cold
Prague,Visa,premium,,,,,,,,,,,,,,,,,,Average,,,,,,,,Yes,,,,,,,,,,,,,,,,,,,,,,"Tax: Zivno license easy for freelancers | Visa: Zivno widely used by nomads | Cost: Very affordable for quality | Beer: Cheapest in Europe | Healthcare: Good and cheap | Best for: History lovers, budget conscious, central Europe base",,,,,,,,,,,,,,,,Low corporate tax (19% sole trader),Low Tax,15,,,,Long-term (3 years),Zivno (Trade License),,
Prague,Tax,premium,,,,,,,,,,,,,,,,,,,,,,,,,,,,,,,,,,,,,,,,,,,,,,,,,,,,,,,,,,,,,,,,Low corporate tax (19% sole trader),Low Tax,15,,,,,,,
Budapest,General,free,Affordable,700,Affordable,500,Affordable,1050,Affordable,750,Affordable,1400,Affordable,1000,Good,BUD - Ferenc Liszt,26,1,Good,,Good,Budapest,Good,Hungary,Moderate,Good,Good,,Good,Large,Good,Good,Good,Good,Good,Good,Moderate,20,120-200,Good,Affordable,2200,Affordable,1000,Good,Excellent,Good,Good,High,,Good,Moderate,90,Central Europe,Good,Good,Good,Average,Affordable,550,Affordable,400,Warm,2047,Good Sunshine,,,,Average,Good,"Thermal Baths, Affordable, Ruin Bars, Beautiful, Party, Historic",,,Good,Cold
Budapest,Visa,premium,,,,,,,,,,,,,,,,,,Good,,,,,,,,Yes,,,,,,,,,,,,,,,,,,,,,,"Tax: KATA fixed low tax for freelancers | Visa: White Card for DN | Cost: Extremely cheap for capital | Baths: Unique thermal spa culture | Nightlife: Famous ruin bars | Best for: Budget travelers, spa lovers, party scene",,,,,,,,,,,,,,,,KATA tax (fixed € 400/mo for freelancers),Low Tax,15,,,,Short-term (1 year),White Card,,
Budapest,Tax,premium,,,,,,,,,,,,,,,,,,,,,,,,,,,,,,,,,,,,,,,,,,,,,,,,,,,,,,,,,,,,,,,,KATA tax (fixed € 400/mo for freelancers),Low Tax,15,,,,,,,
Tallinn,General,free,Moderate,750,Moderate,550,Moderate,1150,Moderate,850,Moderate,1500,Moderate,1100,Average,TLL - Lennart Meri,20,-5,Good,,Good,Tallinn,Good,Estonia,Moderate,Good,Good,,Excellent,Medium,Good,Good,Good,Good,Good,Good,Moderate,15,200-500,Excellent,Moderate,2700,Moderate,1300,Good,Good,Average,Good,Medium,,Good,Moderate,80,Northern Europe,Good,Excellent,Good,Good,Affordable,600,Affordable,450,Mild,1900,Good Sunshine,,,,Good,Average,"Digital, E-Residency, Medieval, Startup, Clean, Nordic, Tech-forward",,,Good,Very Cold
Tallinn,Visa,premium,,,,,,,,,,,,,,,,,,Excellent,,,,,,,,Yes,,,,,,,,,,,,,,,,,,,,,,"Tax: E-Residency to run EU company | Visa: DN visa very accessible | Internet: Fastest in Europe | Startups: Skype birthplace | Digital: Most advanced e-gov | Best for: Tech entrepreneurs, digital business owners",,,,,,,,,,,,,,,,E-Residency (manage EU company remotely),Low Tax,20,,,,Short-term (1 year),Digital Nomad Visa,,
Tallinn,Tax,premium,,,,,,,,,,,,,,,,,,,,,,,,,,,,,,,,,,,,,,,,,,,,,,,,,,,,,,,,,,,,,,,,E-Residency (manage EU company remotely),Low Tax,20,,,,,,,
Valencia,General,free,Moderate,850,Moderate,600,Moderate,1300,Moderate,950,Moderate,1700,Moderate,1250,Good,VLC - Valencia,27,11,Excellent,,Good,Valencia,Excellent,Spain,Many,Good,Good,,Good,Large,Excellent,Good,Good,Good,Good,Good,Many,25,150-300,Good,Affordable,2600,Moderate,1300,Good,Excellent,Excellent,Excellent,Medium-High,,Excellent,Dry,60,Southern Europe,Excellent,Good,Good,Good,Moderate,700,Moderate,500,Warm,2696,Very High Sunshine,,,,Average,Good,"Beach, Paella, Family-Friendly, Sunny, Relaxed, Mediterranean, Affordable",,,Excellent,Mild
Valencia,Visa,premium,,,,,,,,,,,,,,,,,,Average,,,,,,,,Yes,,,,,,,,,,,,,,,,,,,,,,"Tax: Beckham law option | Visa: New DN visa | Family: Excellent parks, beaches | Food: Paella origin | Cost: Cheaper than Barcelona | Best for: Families, beach lifestyle, foodies",,,,,,,,,,,,,,,,Beckham Law available,Moderate Tax,24,,,,Short-term (1 year),Digital Nomad Visa,,
Valencia,Tax,premium,,,,,,,,,,,,,,,,,,,,,,,,,,,,,,,,,,,,,,,,,,,,,,,,,,,,,,,,,,,,,,,,Beckham Law available,Moderate Tax,24,,,,,,,
Porto,General,free,Moderate,750,Moderate,550,Moderate,1150,Moderate,850,Moderate,1500,Moderate,1100,Average,OPO - Francisco SÃ¡ Carneiro,24,10,Good,,Excellent,Porto,Excellent,Portugal,Moderate,Good,Good,,Good,Large,Good,Good,Good,Good,Good,Good,Moderate,15,100-200,Good,Affordable,2500,Affordable,1200,Good,Excellent,Good,Good,Medium,,Good,Very Rainy,120,Southern Europe,Good,Good,Good,Average,Affordable,600,Affordable,450,Warm,2538,High Sunshine,,,,Average,Good,"Wine, Charming, Authentic, Riverside, Food Scene, Affordable, Relaxed",,,Good,Mild
Porto,Visa,premium,,,,,,,,,,,,,,,,,,Good,,,,,,,,Yes,,,,,,,,,,,,,,,,,,,,,,"Tax: NHR available | Visa: D7/D8 | Wine: Port wine region | Cost: Very affordable | Food: Amazing restaurant scene | Best for: Wine lovers, foodies, authentic Portugal experience",,,,,,,,,,,,,,,,NHR regime available,Moderate Tax,28,,,,Long-term (2 years),D7/D8 Visa,,
Porto,Tax,premium,,,,,,,,,,,,,,,,,,,,,,,,,,,,,,,,,,,,,,,,,,,,,,,,,,,,,,,,,,,,,,,,NHR regime available,Moderate Tax,28,,,,,,,
Athens,General,free,Affordable,650,Affordable,450,Affordable,1000,Affordable,700,Affordable,1300,Affordable,950,Average,ATH - Eleftherios Venizelos,30,10,Average,,Good,Athens,Good,Greece,Moderate,Good,Good,,Good,Medium,Good,Good,Good,Good,Good,Good,Moderate,20,50-100,Good,Affordable,2400,Affordable,1100,Good,Good,Excellent,Average,High,,Good,Moderate,90,Southern Europe,Good,Good,Good,Average,Affordable,550,Affordable,400,Hot,2771,Very High Sunshine,,,,Average,Good,"Ancient, Historic, Mediterranean, Affordable, Sunny, Island-Access, Cultural",,,Good,Mild
Athens,Visa,premium,,,,,,,,,,,,,,,,,,Average,,,,,,,,Yes,,,,,,,,,,,,,,,,,,,,,,"Tax: 50% reduction for new tax residents | Visa: DN visa available | History: Unmatched ancient sites | Islands: Easy access to Greek islands | Cost: Very affordable | Best for: History buffs, island hoppers, sun seekers",,,,,,,,,,,,,,,,Reduced tax for new residents (50% reduction),Moderate Tax,22,,,,Short-term (1 year),Digital Nomad Visa,,
Athens,Tax,premium,,,,,,,,,,,,,,,,,,,,,,,,,,,,,,,,,,,,,,,,,,,,,,,,,,,,,,,,,,,,,,,,Reduced tax for new residents (50% reduction),Moderate Tax,22,,,,,,,
Krakow,General,free,Affordable,650,Affordable,450,Affordable,1000,Affordable,700,Affordable,1300,Affordable,950,Average,KRK - John Paul II,22,-2,Good,,Good,Krakow,Good,Poland,Moderate,Good,Good,,Good,Large,Good,Good,Good,Good,Good,Good,Moderate,18,120-200,Good,Affordable,2100,Affordable,950,Good,Good,Good,Good,Medium,,Good,Rainy,100,Central Europe,Good,Excellent,Good,Average,Affordable,550,Affordable,400,Mild,1580,Moderate Sunshine,,,,Average,Good,"Medieval, Beer, Historic, Affordable, Students, Beautiful, Authentic",,,Excellent,Cold
Krakow,Visa,premium,,,,,,,,,,,,,,,,,,Average,,,,,,,,No,,,,,,,,,,,,,,,,,,,,,,"Tax: IP Box regime for tech | Cost: Very cheap | History: UNESCO old town | Cons: Cold winters | Best for: History lovers, budget conscious, winter sports nearby",,,,,,,,,,,,,,,,IP Box (5% tax on IP income),Low Tax,19,,,,Short-term (1 year),Business/Freelance,,
Krakow,Tax,premium,,,,,,,,,,,,,,,,,,,,,,,,,,,,,,,,,,,,,,,,,,,,,,,,,,,,,,,,,,,,,,,,IP Box (5% tax on IP income),Low Tax,19,,,,,,,
Split,General,free,Moderate,800,Moderate,550,Moderate,1200,Moderate,850,Moderate,1600,Moderate,1150,Low,SPU - Split,28,9,Good,,Good,Split,Good,Croatia,Few,Good,Good,,Good,Medium,Good,Good,Average,Good,Good,Good,Few,12,50-120,Good,Affordable,2500,Affordable,1200,Good,Good,Excellent,Good,Medium,,Average,Moderate,80,Southern Europe,Good,Good,Good,Average,Moderate,650,Affordable,450,Hot,2700,Very High Sunshine,,,,Average,Good,"Beach, Sailing, Dalmatian Coast, Historic, Islands, Summer Vibe, Relaxed",,,Good,Mild
Split,Visa,premium,,,,,,,,,,,,,,,,,,Average,,,,,,,,Yes,,,,,,,,,,,,,,,,,,,,,,"Tax: Digital nomad tax breaks | Visa: Croatia DN visa popular | Summer: Peak season amazing | Winter: Many places close | Islands: Easy island hopping | Best for: Summer nomads, sailing enthusiasts, island lovers",,,,,,,,,,,,,,,,Reduced rates for new residents,Moderate Tax,25,,,,Short-term (1 year),Digital Nomad Visa,,
Split,Tax,premium,,,,,,,,,,,,,,,,,,,,,,,,,,,,,,,,,,,,,,,,,,,,,,,,,,,,,,,,,,,,,,,,Reduced rates for new residents,Moderate Tax,25,,,,,,,
Sofia,General,free,Very Affordable,500,Very Affordable,350,Very Affordable,750,Affordable,550,Very Affordable,1000,Affordable,750,Average,SOF - Sofia,24,0,Good,,Average,Sofia,Good,Bulgaria,Few,Average,Good,,Good,Medium,Good,Good,Average,Good,Excellent,Good,Moderate,15,80-150,Good,Very Affordable,1800,Very Affordable,800,Good,Good,Good,Average,Medium,,Good,Rainy,100,Eastern Europe,Good,Good,Good,Average,Very Affordable,400,Very Affordable,300,Warm,1800,Moderate Sunshine,,,,Average,Average,"Affordable, Mountains, Skiing, Vitosha, Communist Architecture, Budget",,,Good,Cold
Sofia,Visa,premium,,,,,,,,,,,,,,,,,,Average,,,,,,,,Yes,,,,,,,,,,,,,,,,,,,,,,"Tax: 10% flat income tax | Cost: Cheapest EU capital | Mountains: Vitosha for skiing/hiking | Internet: Good for price | Healthcare: Cheap but variable quality | Best for: Extreme budget, mountain lovers, winter sports",,,,,,,,,,,,,,,,Lowest tax in EU (10% flat),Very Low Tax,10,,,,Short-term (1 year),D Visa for Freelancers,,
Sofia,Tax,premium,,,,,,,,,,,,,,,,,,,,,,,,,,,,,,,,,,,,,,,,,,,,,,,,,,,,,,,,,,,,,,,,Lowest tax in EU (10% flat),Very Low Tax,10,,,,,,,
Bucharest,General,free,Affordable,600,Affordable,400,Affordable,950,Affordable,650,Affordable,1200,Affordable,850,Good,OTP - Henri CoandÄƒ,25,0,Average,,Average,Bucharest,Good,Romania,Moderate,Good,Good,,Good,Medium,Average,Good,Good,Good,Excellent,Good,Few,12,200-500,Excellent,Very Affordable,2000,Very Affordable,900,Good,Good,Good,Average,Medium,,Good,Moderate,90,Eastern Europe,Good,Good,Good,Average,Affordable,500,Affordable,350,Warm,2100,Good Sunshine,,,,Average,Average,"Fastest Internet, Affordable, Nightlife, Communist Past, Paris of East, Gritty",,,Good,Cold
Bucharest,Visa,premium,,,,,,,,,,,,,,,,,,Average,,,,,,,,No,,,,,,,,,,,,,,,,,,,,,,"Tax: Microenterprise 1-3% on revenue | Internet: Fastest in Europe (500+ Mbps) | Cost: Very cheap | Nightlife: Underrated party scene | Best for: Digital workers needing speed, budget conscious",,,,,,,,,,,,,,,,Microenterprise (1-3% revenue tax),Very Low Tax,10,,,,Short-term (1 year),Freelance/Business,,
Bucharest,Tax,premium,,,,,,,,,,,,,,,,,,,,,,,,,,,,,,,,,,,,,,,,,,,,,,,,,,,,,,,,,,,,,,,,Microenterprise (1-3% revenue tax),Very Low Tax,10,,,,,,,
Tbilisi,General,free,Very Affordable,450,Very Affordable,300,Very Affordable,700,Very Affordable,500,Very Affordable,900,Very Affordable,650,Average,TBS - Tbilisi International,26,2,Average,,Good,Tbilisi,Good,Georgia,Few,Average,Good,,Average,Large,Average,Average,Average,Good,Good,Average,Few,10,50-100,Good,Very Affordable,1600,Very Affordable,700,Good,Good,Good,Good,Medium,,Average,Rainy,110,Caucasus,Good,Excellent,Good,Average,Very Affordable,350,Very Affordable,250,Warm,2200,Good Sunshine,,,,Average,Average,"Cheap, Wine, Mountains, Unique, Caucasus, Startup Scene, Adventurous",,,Good,Cold
Tbilisi,Visa,premium,,,,,,,,,,,,,,,,,,Good,,,,,,,,Yes,,,,,,,,,,,,,,,,,,,,,,"Tax: 0% on foreign income under territorial system | Visa: 1-year DN visa easy | Cost: Extremely cheap | Wine: Ancient wine culture | Culture: Unique Caucasus blend | Best for: Budget nomads, adventurers, wine lovers",,,,,,,,,,,,,,,,Territorial taxation (foreign income 0%),Very Low Tax,1,,,,Short-term (1 year),Remotely from Georgia,,
Tbilisi,Tax,premium,,,,,,,,,,,,,,,,,,,,,,,,,,,,,,,,,,,,,,,,,,,,,,,,,,,,,,,,,,,,,,,,Territorial taxation (foreign income 0%),Very Low Tax,1,,,,,,,
Belgrade,General,free,Affordable,550,Affordable,400,Affordable,850,Affordable,600,Affordable,1100,Affordable,800,Average,BEG - Nikola Tesla,25,1,Average,,Good,Belgrade,Good,Serbia,Few,Average,Excellent,,Good,Medium,Average,Good,Average,Good,Good,Average,Few,10,80-150,Good,Very Affordable,1900,Very Affordable,850,Good,Good,Good,Average,Medium,,Average,Rainy,100,Eastern Europe,Good,Good,Excellent,Average,Affordable,450,Very Affordable,300,Warm,2068,Good Sunshine,,,,Average,Good,"Party, Nightlife, Rakija, Affordable, Balkans, Gritty, Alternative, Underground",,,Good,Cold
Belgrade,Visa,premium,,,,,,,,,,,,,,,,,,Average,,,,,,,,No,,,,,,,,,,,,,,,,,,,,,,"Tax: Low tax options | Nightlife: Amazing party scene | Cost: Very cheap | River: Danube and Sava confluence | Cons: Bureaucracy, smoking culture | Best for: Party lovers, budget travelers, Balkans base",,,,,,,,,,,,,,,,Lump sum taxation available,Very Low Tax,10,,,,Short-term (1 year),Temporary Residence,,
Belgrade,Tax,premium,,,,,,,,,,,,,,,,,,,,,,,,,,,,,,,,,,,,,,,,,,,,,,,,,,,,,,,,,,,,,,,,Lump sum taxation available,Very Low Tax,10,,,,,,,
Vilnius,General,free,Affordable,700,Affordable,500,Affordable,1050,Affordable,750,Affordable,1400,Affordable,1000,Average,VNO - Vilnius,21,-4,Good,,Good,Vilnius,Good,Lithuania,Few,Good,Good,,Good,Medium,Good,Good,Average,Good,Good,Good,Few,12,120-250,Excellent,Affordable,2400,Affordable,1100,Good,Good,Average,Good,Medium,,Good,Moderate,90,Northern Europe,Good,Excellent,Good,Average,Affordable,600,Affordable,400,Mild,1800,Moderate Sunshine,,,,Average,Average,"Baltic, Baroque, Affordable, Clean, Safe, Forest, Startup Scene",,,Good,Very Cold
Vilnius,Visa,premium,,,,,,,,,,,,,,,,,,Good,,,,,,,,Yes,,,,,,,,,,,,,,,,,,,,,,"Tax: Individual activity 5% for freelancers | Cost: Affordable | Safety: Very safe | Nature: Surrounded by forests | Fintech: Growing fintech scene | Best for: Solo digital workers, safety-conscious, nature lovers",,,,,,,,,,,,,,,,Individual activity certificate (5% tax),Low Tax,15,,,,Short-term (1 year),Temporary Residence Permit,,
Vilnius,Tax,premium,,,,,,,,,,,,,,,,,,,,,,,,,,,,,,,,,,,,,,,,,,,,,,,,,,,,,,,,,,,,,,,,Individual activity certificate (5% tax),Low Tax,15,,,,,,,
Riga,General,free,Moderate,750,Moderate,550,Moderate,1150,Moderate,850,Moderate,1500,Moderate,1100,Average,RIX - Riga International,21,-3,Good,,Good,Riga,Good,Latvia,Few,Good,Good,,Good,Medium,Good,Good,Average,Good,Good,Good,Few,10,100-200,Good,Affordable,2500,Affordable,1150,Good,Good,Average,Good,Medium,,Good,Rainy,95,Northern Europe,Good,Excellent,Good,Average,Affordable,600,Affordable,450,Mild,1750,Moderate Sunshine,,,,Average,Average,"Art Nouveau, Baltic, Affordable, Architecture, Old Town, Beach Access",,,Good,Very Cold
Riga,Visa,premium,,,,,,,,,,,,,,,,,,Average,,,,,,,,No,,,,,,,,,,,,,,,,,,,,,,"Tax: Microenterprise options | Architecture: Stunning Art Nouveau | Beach: Nearby Jurmala | Cost: Affordable | Old Town: UNESCO heritage | Best for: Architecture lovers, beach + city combo",,,,,,,,,,,,,,,,Microenterprise tax (25% on profit),Low Tax,20,,,,Short-term (1 year),Temporary Residence,,
Riga,Tax,premium,,,,,,,,,,,,,,,,,,,,,,,,,,,,,,,,,,,,,,,,,,,,,,,,,,,,,,,,,,,,,,,,Microenterprise tax (25% on profit),Low Tax,20,,,,,,,
Warsaw,General,free,Moderate,800,Moderate,600,Moderate,1200,Moderate,900,Moderate,1600,Moderate,1200,Average,WAW - Chopin,23,-1,Good,,Good,Warsaw,Good,Poland,Moderate,Good,Good,,Good,Medium,Good,Good,Good,Good,Good,Good,Moderate,20,150-300,Good,Affordable,2600,Affordable,1200,Good,Good,Average,Good,Medium-High,,Good,Rainy,100,Central Europe,Good,Good,Good,Good,Moderate,650,Affordable,450,Mild,1600,Moderate Sunshine,,,,Good,Good,"Modern, Business, Rebuilt, Growing, Tech Hub, Professional, Ambitious",,,Good,Cold
Warsaw,Visa,premium,,,,,,,,,,,,,,,,,,Average,,,,,,,,No,,,,,,,,,,,,,,,,,,,,,,"Tax: IP Box for tech workers | Economy: Strongest in Eastern Europe | Modern: Rebuilt after WWII | Professional: Business-oriented | Cost: More expensive than Krakow but still affordable | Best for: Tech professionals, career-focused",,,,,,,,,,,,,,,,IP Box (5% for IT),Low Tax,19,,,,Short-term (1 year),Business/Work,,
Warsaw,Tax,premium,,,,,,,,,,,,,,,,,,,,,,,,,,,,,,,,,,,,,,,,,,,,,,,,,,,,,,,,,,,,,,,,IP Box (5% for IT),Low Tax,19,,,,,,,
Amsterdam,General,free,Very Expensive,1600,Very Expensive,1200,Very Expensive,2400,Very Expensive,1800,Very Expensive,3200,Very Expensive,2400,Good,AMS - Schiphol,21,4,Excellent,,Excellent,Amsterdam,Excellent,Netherlands,Abundant,Excellent,Excellent,,Excellent,Very Large,Average,Excellent,Excellent,Excellent,Good,Excellent,Abundant,50,200-500,Excellent,Very Expensive,4500,Very Expensive,2200,Good,Excellent,Good,Good,Very High,,Excellent,Rainy,100,Western Europe,Excellent,Excellent,Good,Excellent,Very Expensive,1300,Very Expensive,950,Mild,1660,Moderate Sunshine,,,,Excellent,Excellent,"Bikes, Canals, Liberal, International, Expensive, Tech Hub, English-Friendly",,,Excellent,Cool
Amsterdam,Visa,premium,,,,,,,,,,,,,,,,,,Good,,,,,,,,No,,,,,,,,,,,,,,,,,,,,,,"Tax: 30% ruling gives significant break for qualified expats | Bikes: Best bike infrastructure globally | English: Everyone speaks English | Cost: Very expensive | Tech: Major startup hub | Best for: High earners, tech workers, bike enthusiasts",,,,,,,,,,,,,,,,30% ruling (tax break for expats),High Tax,37.1,,,,Very Long-term (5 years),Highly Skilled Migrant,,
Amsterdam,Tax,premium,,,,,,,,,,,,,,,,,,,,,,,,,,,,,,,,,,,,,,,,,,,,,,,,,,,,,,,,,,,,,,,,30% ruling (tax break for expats),High Tax,37.1,,,,,,,
Copenhagen,General,free,Very Expensive,1700,Very Expensive,1300,Very Expensive,2600,Very Expensive,1950,Very Expensive,3500,Very Expensive,2600,Average,CPH - Kastrup,20,2,Excellent,,Excellent,Copenhagen,Excellent,Denmark,Many,Good,Good,,Excellent,Large,Good,Excellent,Excellent,Excellent,Good,Excellent,Many,35,150-300,Excellent,Very Expensive,5000,Very Expensive,2400,Good,Excellent,Good,Excellent,Very High,,Excellent,Rainy,110,Northern Europe,Excellent,Excellent,Good,Excellent,Very Expensive,1400,Very Expensive,1000,Mild,1600,Moderate Sunshine,,,,Excellent,Excellent,"Hygge, Bikes, Design, Expensive, Quality of Life, Sustainable, Happy",,,Excellent,Cold
Copenhagen,Visa,premium,,,,,,,,,,,,,,,,,,Good,,,,,,,,No,,,,,,,,,,,,,,,,,,,,,,"Tax: High but excellent services | Quality: Consistently top quality of life | Bikes: Cycling paradise | Cost: Extremely expensive | Design: Nordic design capital | Best for: High earners valuing quality, families, cyclists",,,,,,,,,,,,,,,,Limited tax liability possible,High Tax,37,,,,Medium-term (2 years),Work/Residence,,
Copenhagen,Tax,premium,,,,,,,,,,,,,,,,,,,,,,,,,,,,,,,,,,,,,,,,,,,,,,,,,,,,,,,,,,,,,,,,Limited tax liability possible,High Tax,37,,,,,,,
Stockholm,General,free,Very Expensive,1600,Very Expensive,1200,Very Expensive,2450,Very Expensive,1850,Very Expensive,3300,Very Expensive,2500,Average,ARN - Arlanda,21,-2,Excellent,,Good,Stockholm,Excellent,Sweden,Many,Excellent,Good,,Excellent,Large,Good,Excellent,Excellent,Excellent,Good,Excellent,Many,30,200-400,Excellent,Very Expensive,4800,Very Expensive,2300,Good,Excellent,Good,Good,Very High,,Excellent,Rainy,110,Northern Europe,Excellent,Excellent,Good,Excellent,Very Expensive,1300,Very Expensive,950,Mild,1900,Good Sunshine,,,,Excellent,Excellent,"Archipelago, Design, Innovative, Expensive, Islands, Tech, Beautiful, Clean",,,Good,Cold
Stockholm,Visa,premium,,,,,,,,,,,,,,,,,,Average,,,,,,,,No,,,,,,,,,,,,,,,,,,,,,,"Tax: High tax but great services | Tech: Spotify, Klarna birthplace | Nature: Stunning archipelago | Cost: Very expensive | Innovation: Leading startup scene | Best for: Tech workers, nature lovers, innovation-focused",,,,,,,,,,,,,,,,Forskarskattenämnden (expat scientist tax),Moderate Tax,30,,,,Medium-term (2 years),Work Permit,,
Stockholm,Tax,premium,,,,,,,,,,,,,,,,,,,,,,,,,,,,,,,,,,,,,,,,,,,,,,,,,,,,,,,,,,,,,,,,Forskarskattenämnden (expat scientist tax),Moderate Tax,30,,,,,,,
Edinburgh,General,free,Expensive,1100,Expensive,800,Expensive,1650,Expensive,1250,Expensive,2200,Expensive,1650,Average,EDI - Edinburgh,18,4,Good,,Good,Edinburgh,Excellent,Scotland,Moderate,Excellent,Good,,Excellent,Large,Good,Good,Good,Good,Good,Excellent,Many,25,100-200,Good,Expensive,3500,Expensive,1700,Good,Good,Good,Good,Medium-High,,Good,Moderate,80,UK,Good,Good,Good,Good,Expensive,900,Moderate,650,Cool,1447,Low Sunshine,,,,Good,Good,"Castle, Festival, Whisky, Historic, Literary, Hilly, Rainy, Cultural",,,Excellent,Cool
Edinburgh,Visa,premium,,,,,,,,,,,,,,,,,,Average,,,,,,,,No,,,,,,,,,,,,,,,,,,,,,,"Tax: UK standard rates | Festival: World's largest arts festival (August) | Culture: UNESCO City of Literature | Cons: Weather, expensive | Best for: Culture lovers, English speakers, festival enthusiasts",,,,,,,,,,,,,,,,No special schemes post-Brexit,Low Tax,20,,,,Very Long-term (5 years),Skilled Worker Visa,,
Edinburgh,Tax,premium,,,,,,,,,,,,,,,,,,,,,,,,,,,,,,,,,,,,,,,,,,,,,,,,,,,,,,,,,,,,,,,,No special schemes post-Brexit,Low Tax,20,,,,,,,
Dublin,General,free,Very Expensive,1700,Very Expensive,1250,Very Expensive,2550,Very Expensive,1900,Very Expensive,3400,Very Expensive,2550,Average,DUB - Dublin,19,6,Good,,Good,Dublin,Excellent,Ireland,Moderate,Good,Excellent,,Excellent,Very Large,Good,Good,Excellent,Excellent,Good,Good,Many,30,150-300,Good,Very Expensive,4300,Very Expensive,2100,Excellent,Excellent,Good,Good,Very High,,Good,Moderate,90,Western Europe,Excellent,Good,Excellent,Excellent,Very Expensive,1400,Very Expensive,1000,Cool,1450,Low Sunshine,,,,Excellent,Good,"Tech Hub, Pubs, English, Rainy, Google/Facebook/Apple HQ, Friendly, Expensive",,,Good,Cool
Dublin,Visa,premium,,,,,,,,,,,,,,,,,,Average,,,,,,,,No,,,,,,,,,,,,,,,,,,,,,,"Tax: SARP for high earners | Tech: European HQ for major tech companies | English: Native English speaking | Cost: Very expensive housing | Social: Famous pub culture | Best for: Tech workers, English speakers, high earners",,,,,,,,,,,,,,,,Special Assignee Relief Programme (SARP),Low Tax,20,,,,Medium-term (2 years),Critical Skills,,
Dublin,Tax,premium,,,,,,,,,,,,,,,,,,,,,,,,,,,,,,,,,,,,,,,,,,,,,,,,,,,,,,,,,,,,,,,,Special Assignee Relief Programme (SARP),Low Tax,20,,,,,,,
Munich,General,free,Very Expensive,1400,Very Expensive,1050,Very Expensive,2100,Very Expensive,1600,Very Expensive,2800,Very Expensive,2100,Average,MUC - Franz Josef Strauss,23,-1,Excellent,,Good,Munich,Excellent,Germany,Many,Good,Good,,Excellent,Large,Good,Excellent,Excellent,Excellent,Good,Excellent,Many,35,150-300,Excellent,Very Expensive,4200,Expensive,2000,Good,Excellent,Excellent,Good,Very High,,Excellent,Moderate,90,Western Europe,Excellent,Excellent,Good,Excellent,Very Expensive,1150,Very Expensive,850,Mild,1755,Moderate Sunshine,,,,Good,Good,"Beer Gardens, Oktoberfest, Quality of Life, Alps, Expensive, Clean, Efficient",,,Excellent,Cold
Munich,Visa,premium,,,,,,,,,,,,,,,,,,Average,,,,,,,,No,,,,,,,,,,,,,,,,,,,,,,"Tax: Standard German rates | Quality: Highest quality German city | Alps: Mountains 1 hour away | Oktoberfest: World's largest beer festival | Cost: Expensive | Best for: High earners, families, mountain lovers, beer enthusiasts",,,,,,,,,,,,,,,,Freelancer friendly,Very High Tax,42,,,,Long-term (3 years),Freelance Visa,,
Munich,Tax,premium,,,,,,,,,,,,,,,,,,,,,,,,,,,,,,,,,,,,,,,,,,,,,,,,,,,,,,,,,,,,,,,,Freelancer friendly,Very High Tax,42,,,,,,,
Vienna,General,free,Expensive,1100,Expensive,800,Expensive,1650,Expensive,1250,Expensive,2200,Expensive,1650,Average,VIE - Vienna International,25,0,Excellent,,Excellent,Vienna,Excellent,Austria,Many,Excellent,Good,,Excellent,Large,Excellent,Good,Excellent,Good,Good,Excellent,Abundant,40,100-200,Excellent,Expensive,3800,Expensive,1800,Good,Excellent,Good,Excellent,Very High,,Excellent,Moderate,90,Western Europe,Excellent,Excellent,Good,Good,Expensive,900,Moderate,650,Warm,1992,Good Sunshine,,,,Good,Good,"Classical Music, Coffee Houses, Imperial, Quality of Life, Culture, Elegant",,,Excellent,Cold
Vienna,Visa,premium,,,,,,,,,,,,,,,,,,Average,,,,,,,,No,,,,,,,,,,,,,,,,,,,,,,"Tax: Moderate for Austria | Culture: Opera, museums, classical music | Coffee: Traditional coffee house culture | Quality: Consistently top liveable city | Cost: More affordable than Munich | Best for: Culture lovers, classical music fans, families",,,,,,,,,,,,,,,,Favorable for entrepreneurs,High Tax,35,,,,Medium-term (2 years),Red-White-Red Card,,
Vienna,Tax,premium,,,,,,,,,,,,,,,,,,,,,,,,,,,,,,,,,,,,,,,,,,,,,,,,,,,,,,,,,,,,,,,,Favorable for entrepreneurs,High Tax,35,,,,,,,
Malta,General,free,Moderate,1000,Moderate,750,Expensive,1550,Expensive,1150,Expensive,2000,Expensive,1500,Good,MLA - Malta International,28,13,Average,,Good,Malta,Good,Malta,Few,Good,Good,,Excellent,Very Large,Good,Good,Good,Good,Good,Good,Many,25,100-200,Good,Expensive,3300,Moderate,1600,Good,Excellent,Excellent,Average,Very High,,Average,Very Dry,50,Southern Europe,Good,Excellent,Good,Good,Moderate,800,Moderate,600,Hot,3000,Very High Sunshine,,,,Average,Good,"Island, English-Speaking, EU, Sunny, Diving, Small, Gaming/iGaming Hub",,,Good,Warm
Malta,Visa,premium,,,,,,,,,,,,,,,,,,Good,,,,,,,,Yes,,,,,,,,,,,,,,,,,,,,,,"Tax: 15% flat for residence programme | English: Official language (ex-British) | EU: Only English-speaking EU country post-Brexit | Gaming: iGaming industry hub | Small: Can feel limiting long-term | Best for: English speakers, sun/sea lovers, gaming industry",,,,,,,,,,,,,,,,Global Residence Programme (15% cap),Low Tax,15,,,,Short-term (1 year),Nomad Residence Permit,,
Malta,Tax,premium,,,,,,,,,,,,,,,,,,,,,,,,,,,,,,,,,,,,,,,,,,,,,,,,,,,,,,,,,,,,,,,,Global Residence Programme (15% cap),Low Tax,15,,,,,,,
Malaga,General,free,Moderate,850,Moderate,600,Moderate,1300,Moderate,950,Moderate,1700,Moderate,1250,Average,AGP - Costa del Sol,28,13,Good,,Good,Malaga,Excellent,Spain,Moderate,Good,Good,,Good,Large,Good,Good,Good,Good,Good,Good,Moderate,20,100-200,Good,Affordable,2600,Moderate,1250,Good,Good,Excellent,Good,Medium-High,,Good,Very Dry,50,Southern Europe,Good,Good,Good,Average,Moderate,700,Moderate,500,Hot,2901,Very High Sunshine,,,,Average,Good,"Sunny, Beach, Retirement, Costa del Sol, Affordable, Year-round Sun, Relaxed",,,Excellent,Warm
Malaga,Visa,premium,,,,,,,,,,,,,,,,,,Average,,,,,,,,Yes,,,,,,,,,,,,,,,,,,,,,,"Tax: Beckham Law available | Sun: 300+ sunny days | Cost: Very affordable for Spain | Beach: Year-round beach weather | Expats: Large retirement community | Best for: Sun seekers, beach lovers, retirees",,,,,,,,,,,,,,,,Beckham Law,Moderate Tax,24,,,,Short-term (1 year),Digital Nomad Visa,,
Malaga,Tax,premium,,,,,,,,,,,,,,,,,,,,,,,,,,,,,,,,,,,,,,,,,,,,,,,,,,,,,,,,,,,,,,,,Beckham Law,Moderate Tax,24,,,,,,,
Nice,General,free,Expensive,1200,Expensive,900,Expensive,1800,Expensive,1350,Expensive,2400,Expensive,1800,Average,NCE - CÃ´te d'Azur,26,9,Good,,Excellent,Nice,Excellent,France,Moderate,Good,Good,,Good,Medium,Good,Good,Good,Good,Good,Good,Many,25,100-200,Good,Expensive,3900,Expensive,1900,Good,Good,Excellent,Good,High,,Good,Moderate,90,Southern Europe,Excellent,Good,Good,Good,Expensive,1000,Expensive,700,Warm,2724,Very High Sunshine,,,,Average,Good,"French Riviera, Beach, Expensive, Elegant, Mediterranean, Art, Glamorous",,,Good,Mild
Nice,Visa,premium,,,,,,,,,,,,,,,,,,Low,,,,,,,,No,,,,,,,,,,,,,,,,,,,,,,"Tax: French rates high | Riviera: Stunning coastline | Cost: Expensive | French: Lower English proficiency | Art: Matisse, Chagall museums | Best for: High earners, francophiles, art lovers, beach + culture",,,,,,,,,,,,,,,,Auto-entrepreneur status,Moderate Tax,30,,,,Long-term (4 years),Talent Passport,,
Nice,Tax,premium,,,,,,,,,,,,,,,,,,,,,,,,,,,,,,,,,,,,,,,,,,,,,,,,,,,,,,,,,,,,,,,,Auto-entrepreneur status,Moderate Tax,30,,,,,,,
Sarajevo,General,free,Very Affordable,400,Very Affordable,300,Very Affordable,650,Very Affordable,450,Very Affordable,800,Very Affordable,600,Average,SJJ - Sarajevo International,24,0,Average,,Average,Sarajevo,Average,Bosnia,Very Few,Average,Average,,Average,Small,Average,Average,Low,Average,Excellent,Average,Very Few,8,50-100,Average,Very Affordable,1600,Very Affordable,700,Average,Average,Good,Average,Small,,Average,Rainy,110,Balkans,Good,Good,Average,Low,Very Affordable,350,Very Affordable,250,Warm,1800,Moderate Sunshine,,,,Low,Average,"Affordable, Historic, Ottoman, Austro-Hungarian, Mountains, War History",,,Good,Cold
Sarajevo,Visa,premium,,,,,,,,,,,,,,,,,,Low,,,,,,,,No,,,,,,,,,,,,,,,,,,,,,,"Tax: Very low rates | Cost: Extremely cheap | History: Unique Ottoman-Austrian blend | Skiing: Olympics mountains nearby | Cons: Limited infrastructure, bureaucracy | Best for: Extreme budget, history buffs, off-beaten-path",,,,,,,,,,,,,,,,Low tax rates,Very Low Tax,10,,,,Short-term (1 year),Temporary Residence,,
Sarajevo,Tax,premium,,,,,,,,,,,,,,,,,,,,,,,,,,,,,,,,,,,,,,,,,,,,,,,,,,,,,,,,,,,,,,,,Low tax rates,Very Low Tax,10,,,,,,,
Tirana,General,free,Very Affordable,450,Very Affordable,300,Very Affordable,700,Very Affordable,500,Very Affordable,900,Very Affordable,650,Average,TIA - Mother Teresa,28,8,Average,,Average,Tirana,Good,Albania,Very Few,Average,Good,,Average,Growing,Average,Good,Average,Average,Excellent,Average,Very Few,8,50-120,Average,Very Affordable,1700,Very Affordable,750,Good,Average,Excellent,Average,Small,,Average,Very Rainy,120,Balkans,Good,Good,Good,Low,Very Affordable,350,Very Affordable,250,Hot,2500,High Sunshine,,,,Low,Average,"Cheap, Mountains, Beach Access, Albanian Alps, Developing, Colorful, Chaotic",,,Good,Mild
Tirana,Visa,premium,,,,,,,,,,,,,,,,,,Average,,,,,,,,No,,,,,,,,,,,,,,,,,,,,,,"Tax: Low 10% rate | Cost: One of cheapest in Europe | Dual: Mountains and beaches accessible | Developing: Rapidly improving | Cons: Infrastructure gaps, bureaucracy | Best for: Adventurous, extreme budget, beach + mountains",,,,,,,,,,,,,,,,Simplified tax for small business,Very Low Tax,10,,,,Short-term (1 year),Residence Permit,,
Tirana,Tax,premium,,,,,,,,,,,,,,,,,,,,,,,,,,,,,,,,,,,,,,,,,,,,,,,,,,,,,,,,,,,,,,,,Simplified tax for small business,Very Low Tax,10,,,,,,,
Brno,General,free,Affordable,650,Affordable,450,Affordable,1000,Affordable,700,Affordable,1300,Affordable,950,Low,BRQ - Turany,22,0,Good,,Good,Brno,Good,Czech Republic,Few,Good,Good,,Good,Medium,Good,Good,Average,Good,Good,Good,Moderate,15,80-150,Good,Affordable,2100,Affordable,950,Good,Good,Good,Good,Medium,,Good,Moderate,90,Central Europe,Good,Excellent,Good,Average,Affordable,550,Affordable,400,Mild,1900,Good Sunshine,,,,Average,Average,"Students, Tech, Affordable, Quieter Prague, University, Central, Underrated",,,Good,Cold
Brno,Visa,premium,,,,,,,,,,,,,,,,,,Average,,,,,,,,Yes,,,,,,,,,,,,,,,,,,,,,,"Tax: Zivno license | Cost: Cheaper than Prague | Students: Large university population | Tech: Growing tech scene | Central: Easy access to Vienna, Bratislava | Best for: Budget Prague alternative, students, quieter lifestyle",,,,,,,,,,,,,,,,Zivno available,Low Tax,15,,,,Long-term (3 years),Zivno,,
Brno,Tax,premium,,,,,,,,,,,,,,,,,,,,,,,,,,,,,,,,,,,,,,,,,,,,,,,,,,,,,,,,,,,,,,,,Zivno available,Low Tax,15,,,,,,,
Gdansk,General,free,Affordable,700,Affordable,500,Affordable,1050,Affordable,750,Affordable,1400,Affordable,1000,Low,GDN - Lech WaÅ‚Ä™sa,20,0,Good,,Good,Gdansk,Good,Poland,Few,Good,Good,,Good,Small,Good,Good,Average,Good,Good,Good,Few,12,100-200,Good,Affordable,2200,Affordable,1000,Good,Good,Good,Good,Medium,,Good,Rainy,100,Central Europe,Good,Excellent,Good,Average,Affordable,550,Affordable,400,Mild,1600,Moderate Sunshine,,,,Average,Average,"Baltic, Hanseatic, Beach, Historic, Solidarity, Amber, Coastal, Authentic",,,Good,Cold
Gdansk,Visa,premium,,,,,,,,,,,,,,,,,,Average,,,,,,,,No,,,,,,,,,,,,,,,,,,,,,,"Tax: IP Box for tech | Coast: Baltic Sea beaches | History: Hanseatic League, Solidarity movement | Cost: Affordable | Summer: Short but nice | Best for: History buffs, coastal lovers, budget conscious",,,,,,,,,,,,,,,,IP Box available,Low Tax,19,,,,Short-term (1 year),Business,,
Gdansk,Tax,premium,,,,,,,,,,,,,,,,,,,,,,,,,,,,,,,,,,,,,,,,,,,,,,,,,,,,,,,,,,,,,,,,IP Box available,Low Tax,19,,,,,,,
Ljubljana,General,free,Moderate,800,Moderate,600,Moderate,1200,Moderate,900,Moderate,1600,Moderate,1200,Average,LJU - JoÅ¾e PuÄnik,24,1,Excellent,,Good,Ljubljana,Good,Slovenia,Few,Good,Good,,Good,Small,Good,Good,Average,Good,Good,Excellent,Few,10,100-200,Good,Moderate,2700,Moderate,1300,Average,Good,Excellent,Good,Small,,Good,Rainy,100,Central Europe,Good,Excellent,Good,Average,Moderate,650,Moderate,500,Warm,1900,Good Sunshine,,,,Average,Good,"Green, Dragon, Small, Central, Alps, Safe, Clean, Charming, Compact",,,Excellent,Cold
Ljubljana,Visa,premium,,,,,,,,,,,,,,,,,,Average,,,,,,,,No,,,,,,,,,,,,,,,,,,,,,,"Green: European Green Capital | Small: Entire old town walkable | Central: Easy access to Alps, Adriatic, Vienna | Safe: Very safe and clean | Size: Can feel limiting | Best for: Nature lovers, families, quality of life seekers",,,,,,,,,,,,,,,,Flat tax for small business,Moderate Tax,22,,,,Short-term (1 year),Temporary Residence,,
Ljubljana,Tax,premium,,,,,,,,,,,,,,,,,,,,,,,,,,,,,,,,,,,,,,,,,,,,,,,,,,,,,,,,,,,,,,,,Flat tax for small business,Moderate Tax,22,,,,,,,
Cluj-Napoca,General,free,Affordable,550,Affordable,400,Affordable,850,Affordable,600,Affordable,1100,Affordable,800,Average,CLJ - Avram Iancu,23,-2,Good,,Average,Cluj-Napoca,Good,Romania,Few,Good,Good,,Good,Medium,Average,Good,Average,Good,Excellent,Good,Few,10,150-300,Excellent,Very Affordable,1900,Very Affordable,850,Good,Good,Good,Average,Medium,,Good,Rainy,100,Eastern Europe,Good,Good,Good,Good,Affordable,450,Very Affordable,300,Mild,1900,Good Sunshine,,,,Good,Average,"Tech Hub, Students, Transylvania, Affordable, Romanian Silicon Valley, Growing",,,Good,Cold
Cluj-Napoca,Visa,premium,,,,,,,,,,,,,,,,,,Average,,,,,,,,No,,,,,,,,,,,,,,,,,,,,,,"Tax: Microenterprise 1-3% | Tech: Romania's tech capital | Students: Large university population | Cost: Very affordable | Internet: Excellent speeds | Best for: Tech workers, budget conscious, startup scene",,,,,,,,,,,,,,,,Microenterprise tax,Very Low Tax,10,,,,Short-term (1 year),Residence,,
Cluj-Napoca,Tax,premium,,,,,,,,,,,,,,,,,,,,,,,,,,,,,,,,,,,,,,,,,,,,,,,,,,,,,,,,,,,,,,,,Microenterprise tax,Very Low Tax,10,,,,,,,
Wroclaw,General,free,Affordable,700,Affordable,500,Affordable,1050,Affordable,750,Affordable,1400,Affordable,1000,Low,WRO - Nicolaus Copernicus,22,-1,Good,,Good,Wroclaw,Good,Poland,Moderate,Good,Good,,Good,Medium,Good,Good,Average,Good,Good,Good,Moderate,15,120-200,Good,Affordable,2200,Affordable,1000,Good,Good,Good,Good,Medium,,Good,Rainy,100,Central Europe,Good,Excellent,Good,Average,Affordable,550,Affordable,400,Mild,1650,Moderate Sunshine,,,,Average,Good,"Dwarfs, Market Square, Gnomes, Beautiful, Students, Affordable, Charming",,,Excellent,Cold
Wroclaw,Visa,premium,,,,,,,,,,,,,,,,,,Average,,,,,,,,No,,,,,,,,,,,,,,,,,,,,,,"Tax: IP Box for IT workers | Dwarfs: 600+ dwarf statues (unique) | Square: Stunning market square | Cost: Affordable | Students: Young, energetic vibe | Best for: Budget travelers, unique culture seekers",,,,,,,,,,,,,,,,IP Box,Low Tax,19,,,,Short-term (1 year),Business,,
Wroclaw,Tax,premium,,,,,,,,,,,,,,,,,,,,,,,,,,,,,,,,,,,,,,,,,,,,,,,,,,,,,,,,,,,,,,,,IP Box,Low Tax,19,,,,,,,
Seville,General,free,Moderate,800,Moderate,550,Moderate,1200,Moderate,850,Moderate,1600,Moderate,1150,Average,SVQ - San Pablo,32,11,Good,,Good,Seville,Excellent,Spain,Few,Good,Good,,Good,Medium,Good,Good,Good,Good,Good,Good,Moderate,18,100-150,Good,Affordable,2500,Affordable,1200,Good,Good,Good,Good,Medium,,Good,Very Dry,50,Southern Europe,Good,Good,Good,Average,Moderate,650,Affordable,450,Very Hot,2917,Very High Sunshine,,,,Average,Good,"Flamenco, Tapas, Hot Summers, Authentic, Culture, Feria, Passionate, Traditional",,,Good,Mild
Seville,Visa,premium,,,,,,,,,,,,,,,,,,Average,,,,,,,,Yes,,,,,,,,,,,,,,,,,,,,,,"Tax: Beckham Law available | Culture: Authentic Spanish culture, flamenco | Heat: Extremely hot summers (40+°C) | Cost: Affordable | Tapas: Amazing food scene | Best for: Culture immersion, foodies, winter nomads (avoid summer)",,,,,,,,,,,,,,,,Beckham Law,Moderate Tax,24,,,,Short-term (1 year),Digital Nomad Visa,,
Seville,Tax,premium,,,,,,,,,,,,,,,,,,,,,,,,,,,,,,,,,,,,,,,,,,,,,,,,,,,,,,,,,,,,,,,,Beckham Law,Moderate Tax,24,,,,,,,
Granada,General,free,Affordable,700,Affordable,500,Affordable,1050,Affordable,750,Affordable,1400,Affordable,1000,Low,GRX - Federico GarcÃ­a Lorca,30,8,Good,,Good,Granada,Excellent,Spain,Few,Good,Good,,Good,Medium,Good,Good,Average,Good,Good,Good,Moderate,15,80-150,Good,Affordable,2200,Affordable,1000,Good,Good,Excellent,Good,Medium,,Good,Moderate,80,Southern Europe,Good,Good,Good,Average,Affordable,550,Affordable,400,Hot,2900,Very High Sunshine,,,,Average,Good,"Alhambra, Moorish, Mountains, Sierra Nevada, Tapas Free, Students, Affordable",,,Excellent,Mild
Granada,Visa,premium,,,,,,,,,,,,,,,,,,Average,,,,,,,,Yes,,,,,,,,,,,,,,,,,,,,,,"Tax: Beckham Law available | Alhambra: World-famous palace | Tapas: Free tapas with drinks | Skiing: Sierra Nevada 30 min away | Cost: Very affordable | Best for: History lovers, ski + city combo, budget travelers",,,,,,,,,,,,,,,,Beckham Law,Moderate Tax,24,,,,Short-term (1 year),Digital Nomad Visa,,
Granada,Tax,premium,,,,,,,,,,,,,,,,,,,,,,,,,,,,,,,,,,,,,,,,,,,,,,,,,,,,,,,,,,,,,,,,Beckham Law,Moderate Tax,24,,,,,,,
Naples,General,free,Moderate,750,Moderate,550,Moderate,1150,Moderate,850,Moderate,1500,Moderate,1100,Good,NAP - Capodichino,28,9,Average,,Good,Naples,Excellent,Italy,Few,Good,Good,,Average,Small,Good,Good,Good,Good,Good,Good,Few,12,50-120,Average,Affordable,2400,Affordable,1100,Good,Average,Excellent,Average,Medium,,Average,Rainy,100,Southern Europe,Good,Good,Good,Average,Affordable,600,Affordable,450,Hot,2500,High Sunshine,,,,Average,Good,"Pizza, Authentic, Chaotic, Vesuvius, Amalfi Coast, Gritty, Real Italy",,,Good,Mild
Naples,Visa,premium,,,,,,,,,,,,,,,,,,Low,,,,,,,,No,,,,,,,,,,,,,,,,,,,,,,"Tax: 7% flat tax for new residents | Pizza: Birthplace of pizza | Authentic: Real, unpolished Italy | Chaos: Disorganized, traffic, crime concerns | Coast: Access to Amalfi, Capri | Best for: Adventurous, Italian culture lovers, foodies",,,,,,,,,,,,,,,,Flat tax for new residents (7% for 5 years),Moderate Tax,23,,,,Short-term (1 year),Elective Residence,,
Naples,Tax,premium,,,,,,,,,,,,,,,,,,,,,,,,,,,,,,,,,,,,,,,,,,,,,,,,,,,,,,,,,,,,,,,,Flat tax for new residents (7% for 5 years),Moderate Tax,23,,,,,,,
Thessaloniki,General,free,Affordable,650,Affordable,450,Affordable,1000,Affordable,700,Affordable,1300,Affordable,950,Average,SKG - Macedonia,28,6,Average,,Good,Thessaloniki,Good,Greece,Few,Good,Good,,Good,Small,Good,Good,Average,Good,Good,Good,Moderate,15,80-150,Good,Affordable,2200,Affordable,1000,Good,Average,Good,Average,Medium,,Good,Moderate,90,Southern Europe,Good,Good,Good,Average,Affordable,550,Affordable,400,Hot,2400,High Sunshine,,,,Average,Good,"Waterfront, Students, Affordable, Byzantine, Relaxed, Food Scene, Coastal",,,Good,Cool
Thessaloniki,Visa,premium,,,,,,,,,,,,,,,,,,Average,,,,,,,,No,,,,,,,,,,,,,,,,,,,,,,"Tax: 50% reduction available | Coast: Seafront promenade | Students: University town vibe | Food: Amazing food scene | Cost: Very affordable | Best for: Budget conscious, Greek culture, coastal lifestyle",,,,,,,,,,,,,,,,50% tax reduction scheme,Moderate Tax,22,,,,Short-term (1 year),Residence,,
Thessaloniki,Tax,premium,,,,,,,,,,,,,,,,,,,,,,,,,,,,,,,,,,,,,,,,,,,,,,,,,,,,,,,,,,,,,,,,50% tax reduction scheme,Moderate Tax,22,,,,,,,
Plovdiv,General,free,Very Affordable,450,Very Affordable,300,Very Affordable,700,Very Affordable,500,Very Affordable,900,Very Affordable,650,Low,PDV - Plovdiv,24,0,Good,,Average,Plovdiv,Average,Bulgaria,Very Few,Average,Average,,Average,Small,Good,Average,Low,Average,Excellent,Good,Few,10,80-150,Good,Very Affordable,1600,Very Affordable,700,Average,Average,Good,Average,Small,,Average,Rainy,100,Eastern Europe,Good,Good,Average,Low,Very Affordable,350,Very Affordable,250,Warm,2100,Good Sunshine,,,,Low,Average,"Ancient, Roman, Affordable, Cultural Capital 2019, Artistic, Hills, Authentic",,,Good,Cold
Plovdiv,Visa,premium,,,,,,,,,,,,,,,,,,Average,,,,,,,,No,,,,,,,,,,,,,,,,,,,,,,"Tax: 10% flat tax | Ancient: Ancient Roman theater | Culture: 2019 European Capital of Culture | Cost: Extremely cheap | Size: Smaller, more authentic | Best for: Extreme budget, history lovers, off-beaten-path",,,,,,,,,,,,,,,,10% flat tax,Very Low Tax,10,,,,Short-term (1 year),D Visa,,
Plovdiv,Tax,premium,,,,,,,,,,,,,,,,,,,,,,,,,,,,,,,,,,,,,,,,,,,,,,,,,,,,,,,,,,,,,,,,10% flat tax,Very Low Tax,10,,,,,,,
Funchal,General,free,Moderate,900,Moderate,650,Moderate,1400,Moderate,1000,Moderate,1800,Moderate,1300,Good,FNC - Cristiano Ronaldo,23,17,Good,,Good,Funchal,Good,Madeira,Few,Good,Good,,Good,Large,Good,Good,Good,Excellent,Good,Good,Moderate,15,100-200,Good,Moderate,2900,Moderate,1400,Average,Good,Excellent,Good,Medium,,Average,Moderate,80,Portugal,Good,Excellent,Good,Average,Moderate,750,Moderate,550,Mild,1900,Good Sunshine,,,,Average,Good,"Island Paradise, Digital Nomad Hub, Year-round Spring, Nature, Levadas, Remote",,,Good,Warm
Funchal,Visa,premium,,,,,,,,,,,,,,,,,,Good,,,,,,,,Yes,,,,,,,,,,,,,,,,,,,,,,"Tax: NHR regime | Climate: Eternal spring (17-23°C) | Nature: Hiking, levadas, flowers | Remote: Island isolation | Community: Growing DN hub | Best for: Nature lovers, remote work, year-round mild weather",,,,,,,,,,,,,,,,NHR available,Moderate Tax,28,,,,Long-term (2 years),D7/D8,,
Funchal,Tax,premium,,,,,,,,,,,,,,,,,,,,,,,,,,,,,,,,,,,,,,,,,,,,,,,,,,,,,,,,,,,,,,,,NHR available,Moderate Tax,28,,,,,,,
Las Palmas,General,free,Moderate,850,Moderate,600,Moderate,1300,Moderate,950,Moderate,1700,Moderate,1250,Average,LPA - Gran Canaria,24,18,Good,,Good,Las Palmas,Good,Gran Canaria,Few,Good,Good,,Good,Large,Good,Good,Good,Excellent,Good,Good,Moderate,18,100-200,Good,Moderate,2700,Moderate,1300,Good,Good,Excellent,Good,Medium,,Good,Very Dry,40,Spain,Good,Excellent,Good,Average,Moderate,700,Moderate,500,Warm,2890,Very High Sunshine,,,,Average,Good,"Year-round Beach Weather, Canary Islands, Digital Nomad Hotspot, Surf, Eternal Spring",,,Excellent,Warm
Las Palmas,Visa,premium,,,,,,,,,,,,,,,,,,Average,,,,,,,,Yes,,,,,,,,,,,,,,,,,,,,,,"Tax: ZEC special tax zone (4%) + Beckham Law | Climate: Perfect year-round (18-24°C) | Beach: City beaches + surf spots | Community: Major DN hub | Remote: Island life | Best for: Beach lovers, surfers, year-round sun, remote workers",,,,,,,,,,,,,,,,Beckham Law + Canary Islands ZEC (4% corporate),Moderate Tax,24,,,,Short-term (1 year),Digital Nomad Visa,,
Las Palmas,Tax,premium,,,,,,,,,,,,,,,,,,,,,,,,,,,,,,,,,,,,,,,,,,,,,,,,,,,,,,,,,,,,,,,,Beckham Law + Canary Islands ZEC (4% corporate),Moderate Tax,24,,,,,,,
Coimbra,General,free,Affordable,650,Affordable,450,Affordable,1000,Affordable,700,Affordable,1300,Affordable,950,Low,No major international,25,9,Good,,Good,Coimbra,Good,Portugal,Very Few,Average,Average,,Good,Small,Good,Good,Low,Good,Good,Good,Very Few,8,100-200,Good,Affordable,2200,Affordable,1000,Average,Good,Good,Good,Small,,Good,Rainy,110,Southern Europe,Good,Good,Average,Average,Affordable,550,Affordable,400,Warm,2200,Good Sunshine,,,,Average,Good,"University, Students, Historic, River, Authentic, Affordable, Academic, Traditional",,,Good,Mild
Coimbra,Visa,premium,,,,,,,,,,,,,,,,,,Good,,,,,,,,Yes,,,,,,,,,,,,,,,,,,,,,,"Tax: NHR available | University: Oldest university in Portugal | Students: Young, energetic atmosphere | Cost: Very affordable | Authentic: Traditional Portuguese city | Best for: Budget travelers, academic atmosphere, authentic Portugal",,,,,,,,,,,,,,,,NHR available,Moderate Tax,28,,,,Long-term (2 years),D7/D8,,
Coimbra,Tax,premium,,,,,,,,,,,,,,,,,,,,,,,,,,,,,,,,,,,,,,,,,,,,,,,,,,,,,,,,,,,,,,,,NHR available,Moderate Tax,28,,,,,,,
Timisoara,General,free,Very Affordable,500,Very Affordable,350,Very Affordable,750,Affordable,550,Very Affordable,1000,Affordable,750,Low,TSR - Traian Vuia,24,0,Good,,Average,Timisoara,Average,Romania,Few,Average,Good,,Good,Small,Average,Average,Low,Average,Excellent,Good,Very Few,8,120-250,Good,Very Affordable,1800,Very Affordable,800,Good,Average,Good,Average,Small,,Good,Rainy,100,Eastern Europe,Good,Good,Good,Average,Very Affordable,400,Very Affordable,300,Warm,1900,Good Sunshine,,,,Average,Average,"Little Vienna, Affordable, Architecture, Cultural, Revolution 1989, Underrated",,,Good,Cold
Timisoara,Visa,premium,,,,,,,,,,,,,,,,,,Average,,,,,,,,No,,,,,,,,,,,,,,,,,,,,,,"Tax: Microenterprise 1-3% | Architecture: Austro-Hungarian heritage | Culture: European Capital of Culture 2023 | Cost: Extremely cheap | History: 1989 revolution started here | Best for: Budget conscious, architecture lovers, off-beaten-path",,,,,,,,,,,,,,,,Microenterprise,Very Low Tax,10,,,,Short-term (1 year),Residence,,
Timisoara,Tax,premium,,,,,,,,,,,,,,,,,,,,,,,,,,,,,,,,,,,,,,,,,,,,,,,,,,,,,,,,,,,,,,,,Microenterprise,Very Low Tax,10,,,,,,,
Bratislava,General,free,Moderate,750,Moderate,550,Moderate,1150,Moderate,850,Moderate,1500,Moderate,1100,Low,BTS - M. R. Å tefÃ¡nik,24,1,Good,,Good,Bratislava,Good,Slovakia,Few,Average,Average,,Good,Small,Good,Good,Average,Good,Good,Good,Few,12,100-200,Good,Affordable,2600,Affordable,1200,Average,Good,Good,Good,Small,,Good,Moderate,90,Central Europe,Good,Excellent,Average,Average,Affordable,600,Affordable,450,Warm,1900,Good Sunshine,,,,Average,Average,"Compact, Vienna Access, Danube, Castle, Affordable, Small, Central, Underrated",,,Good,Cold
Bratislava,Visa,premium,,,,,,,,,,,,,,,,,,Average,,,,,,,,No,,,,,,,,,,,,,,,,,,,,,,"Vienna Access: 1 hour to Vienna | Small: Entire city easily walkable | Central: Access to Vienna, Budapest, Prague | Cost: Affordable | Size: Can feel limiting | Best for: Central Europe base, Vienna alternative, budget conscious",,,,,,,,,,,,,,,,Flat tax,Low Tax,19,,,,Short-term (1 year),Residence,,
Bratislava,Tax,premium,,,,,,,,,,,,,,,,,,,,,,,,,,,,,,,,,,,,,,,,,,,,,,,,,,,,,,,,,,,,,,,,Flat tax,Low Tax,19,,,,,,,
Nicosia,General,free,Moderate,900,Moderate,650,Moderate,1350,Moderate,1000,Moderate,1800,Moderate,1350,Low,LCA - Larnaca (nearby),30,12,Average,,Good,Nicosia,Good,Cyprus,Few,Average,Good,,Good,Medium,Good,Good,Average,Good,Good,Good,Moderate,15,50-120,Good,Moderate,2900,Moderate,1400,Good,Good,Good,Average,Medium,,Average,Moderate,90,Southern Europe,Good,Excellent,Good,Average,Moderate,750,Moderate,550,Hot,3000,Very High Sunshine,,,,Average,Good,"Divided City, Tax Haven, Year-round Sun, British Influence, English-Friendly",,,Good,Mild
Nicosia,Visa,premium,,,,,,,,,,,,,,,,,,Good,,,,,,,,Yes,,,,,,,,,,,,,,,,,,,,,,"Tax: Non-dom status extremely favorable | English: Former British colony, widely spoken | Divided: Only divided capital in world | Sun: Year-round sunshine | Cost: Moderate | Best for: Tax optimization, English speakers, sun seekers",,,,,,,,,,,,,,,,Non-dom status (0% tax on dividends/interest),Low Tax,12.5,,,,Short-term (1 year),Digital Nomad Visa,,
Nicosia,Tax,premium,,,,,,,,,,,,,,,,,,,,,,,,,,,,,,,,,,,,,,,,,,,,,,,,,,,,,,,,,,,,,,,,Non-dom status (0% tax on dividends/interest),Low Tax,12.5,,,,,,,
Groningen,General,free,Moderate,900,Moderate,700,Moderate,1400,Moderate,1050,Moderate,1800,Moderate,1350,Low,GRQ - Eelde,20,2,Excellent,,Good,Groningen,Good,Netherlands,Few,Good,Good,,Excellent,Small,Good,Good,Low,Good,Good,Excellent,Moderate,15,150-300,Excellent,Moderate,3200,Moderate,1500,Average,Good,Good,Good,Medium,,Excellent,Rainy,100,Northern Europe,Good,Excellent,Good,Good,Moderate,750,Moderate,550,Mild,1600,Moderate Sunshine,,,,Good,Good,"Students, Bikes, Affordable Dutch City, University, Young, Sustainable, Compact",,,Excellent,Cold
Groningen,Visa,premium,,,,,,,,,,,,,,,,,,Good,,,,,,,,No,,,,,,,,,,,,,,,,,,,,,,"Tax: 30% ruling for qualified expats | Students: Very young city | Bikes: Dutch cycling culture | Cost: Much cheaper than Amsterdam | Size: Small, provincial feel | Best for: Students, budget conscious Netherlands, cyclists",,,,,,,,,,,,,,,,30% ruling available,High Tax,37.1,,,,Very Long-term (5 years),Highly Skilled,,
Groningen,Tax,premium,,,,,,,,,,,,,,,,,,,,,,,,,,,,,,,,,,,,,,,,,,,,,,,,,,,,,,,,,,,,,,,,30% ruling available,High Tax,37.1,,,,,,,
Innsbruck,General,free,Expensive,1100,Expensive,800,Expensive,1650,Expensive,1250,Expensive,2200,Expensive,1650,Low,INN - Innsbruck,23,-2,Excellent,,Good,Innsbruck,Good,Austria,Very Few,Good,Average,,Good,Small,Excellent,Excellent,Average,Good,Good,Excellent,Moderate,15,100-200,Good,Expensive,3600,Expensive,1700,Average,Good,Excellent,Good,Medium,,Good,Rainy,110,Western Europe,Good,Excellent,Average,Average,Expensive,900,Moderate,650,Mild,1900,Good Sunshine,,,,Average,Good,"Alps, Skiing, Mountain Sports, Olympic City, Nature, Austrian Culture, Small",,,Good,Cold
Innsbruck,Visa,premium,,,,,,,,,,,,,,,,,,Average,,,,,,,,No,,,,,,,,,,,,,,,,,,,,,,"Mountains: Surrounded by Alps | Skiing: World-class ski resorts | Olympics: Hosted twice | Nature: Unmatched mountain access | Small: Limited city amenities | Best for: Mountain lovers, winter sports enthusiasts, nature-focused",,,,,,,,,,,,,,,,Standard Austrian,High Tax,35,,,,Medium-term (2 years),Red-White-Red Card,,
Innsbruck,Tax,premium,,,,,,,,,,,,,,,,,,,,,,,,,,,,,,,,,,,,,,,,,,,,,,,,,,,,,,,,,,,,,,,,Standard Austrian,High Tax,35,,,,,,,
Cork,General,free,Moderate,1000,Moderate,750,Expensive,1550,Expensive,1150,Expensive,2000,Expensive,1500,Low,ORK - Cork,18,6,Good,,Good,Cork,Good,Ireland,Few,Good,Good,,Excellent,Small,Good,Good,Good,Good,Good,Good,Moderate,18,150-300,Good,Expensive,3400,Moderate,1600,Good,Good,Good,Good,Medium,,Good,Moderate,90,Western Europe,Good,Good,Good,Good,Moderate,800,Moderate,600,Cool,1300,Low Sunshine,,,,Good,Good,"Rebel City, Friendlier Dublin, English, Food Scene, Smaller, Authentic, Coastal",,,Good,Cool
Cork,Visa,premium,,,,,,,,,,,,,,,,,,Average,,,,,,,,No,,,,,,,,,,,,,,,,,,,,,,"Tax: SARP for high earners | English: Native English | Friendly: Known for friendliness | Cost: Cheaper than Dublin | Tech: Apple European HQ | Best for: English speakers, friendlier alternative to Dublin, tech workers",,,,,,,,,,,,,,,,SARP available,Low Tax,20,,,,Medium-term (2 years),Critical Skills,,
Cork,Tax,premium,,,,,,,,,,,,,,,,,,,,,,,,,,,,,,,,,,,,,,,,,,,,,,,,,,,,,,,,,,,,,,,,SARP available,Low Tax,20,,,,,,,
Aarhus,General,free,Very Expensive,1400,Very Expensive,1050,Very Expensive,2100,Very Expensive,1600,Very Expensive,2800,Very Expensive,2100,Low,AAR - Aarhus,19,1,Excellent,,Good,Aarhus,Excellent,Denmark,Moderate,Good,Good,,Excellent,Medium,Good,Good,Average,Good,Good,Excellent,Moderate,20,150-300,Excellent,Very Expensive,4200,Expensive,2000,Good,Good,Good,Good,Medium,,Excellent,Rainy,110,Northern Europe,Excellent,Excellent,Good,Good,Very Expensive,1200,Very Expensive,850,Cool,1700,Moderate Sunshine,,,,Good,Excellent,"Student City, Culture, Smaller Copenhagen, Affordable Danish, Design, Harbor",,,Good,Cold
Aarhus,Visa,premium,,,,,,,,,,,,,,,,,,Good,,,,,,,,No,,,,,,,,,,,,,,,,,,,,,,"Students: Large university | Culture: Cultural capital | Cost: Cheaper than Copenhagen | Quality: Danish quality of life | Size: More manageable than Copenhagen | Best for: Families, quality of life seekers, cheaper Denmark alternative",,,,,,,,,,,,,,,,Standard Danish,High Tax,37,,,,Medium-term (2 years),Work/Residence,,
Aarhus,Tax,premium,,,,,,,,,,,,,,,,,,,,,,,,,,,,,,,,,,,,,,,,,,,,,,,,,,,,,,,,,,,,,,,,Standard Danish,High Tax,37,,,,,,,
