city,Country,Region,data_type,tier,Monthly_Budget_Single_EUR,Monthly_Budget_Single,Monthly_Budget_Family_EUR,Monthly_Budget_Single,Studio_Center_EUR,Studio_Center_Cost,Studio_Outside_EUR,Studio_Outside_Cost,1BR_Center_EUR,1BR_Center_Cost,1BR_Outside_EUR,1BR_Outside_Cost,2BR_Center_EUR,2BR_Center_Cost,2BR_Outside_EUR,2BR_Outside_Cost,3BR_Center_EUR,3BR_Center_Cost,3BR_Outside_EUR,3BR_Outside_Cost,Internet_Avg_Mbps,Internet_Reliability_Score,Coworking_Availability,Cafe_Work_Culture_Score,Public_Transport_Score,Bike_Friendly_Score,Walkability_Score,Airport_International,Flight_Connections_Score,Avg_Temp_Winter_C,Winter_Temperature,Avg_Temp_Summer_C,Summer_Temperature,Rainy_Days_Year,Rainfall_Level,Sunshine_Hours_Year,Sunshine_Level,Air_Quality_Score,Population_Density,Expat_Community_Size,Nomad_Community_Score,English_Proficiency_Score,Singles_Vibe_Score,Nightlife_Score,Dating_Scene_Score,Family_Friendly_Score,International_Schools_Count,International_Schools_Availability,Playground_Parks_Score,Healthcare_Quality_Score,Healthcare_Cost_Score,Safety_Score,Coffee_Culture_Score,Restaurant_Diversity_Score,Vegan_Friendly_Score,Fitness_Scene_Score,Outdoor_Activities_Score,Cultural_Events_Score,Startup_Scene_Score,Tech_Jobs_Score,Freelancer_Network_Score,Bureaucracy_Ease_Score,Digital_Nomad_Visa,Visa_Type_Details,Visa_Duration,Tax_Rate_Standard_Pct,Tax_Level,Tax_Benefits_Premium,Vibe_Tags,Premium_Insights
Lisbon,Portugal,Southern Europe,General,free,1400,Moderate,2800,Moderate,750,Moderate,550,Moderate,900,Moderate,650,Moderate,1400,Moderate,1000,Moderate,1800,Moderate,1300,Moderate,100-200,Excellent,Abundant,Excellent,Good,Good,Excellent,LIS - Lisbon Portela,Excellent,12,Mild,26,Warm,110,Rainy,2800,Very High Sunshine,Good,Medium-High,Very Large,Excellent,Good,Excellent,Good,Excellent,Good,25,Many,Good,Good,Good,Good,Excellent,Excellent,Good,Good,Good,Excellent,Good,Good,Excellent,,,,,,,,"Sunny, Creative, Beach-Adjacent, Startup Hub, Friendly, Historic",
Lisbon,Portugal,Southern Europe,Visa,premium,,,,,,,,,,,,,,,,,,,,,,,,,,,,,,,,,,,,,,,,,,,,Good,,,,,,,,,,,,,,,,,,Good,Yes,D7/D8 Visa,Long-term (2 years),28,Moderate Tax,NHR regime (0-20% for specific income),,"Tax: NHR status gives huge breaks | Community: Largest nomad hub | Visa: D7 passive income €760/mo, D8 remote work | Cowork: SecondHome, Selina | Events: WebSummit annual | Best for: Solo entrepreneurs, lifestyle balance"
Lisbon,Portugal,Southern Europe,Tax,premium,,,,,,,,,,,,,,,,,,,,,,,,,,,,,,,,,,,,,,,,,,,,Good,,,,,,,,,,,,,,,,,,,,,,28,Moderate Tax,NHR regime (0-20% for specific income),,
Barcelona,Spain,Southern Europe,General,free,1600,Moderate,3200,Moderate,900,Expensive,650,Moderate,1100,Expensive,800,Expensive,1700,Expensive,1200,Expensive,2200,Expensive,1600,Expensive,200-400,Excellent,Abundant,Excellent,Excellent,Good,Excellent,BCN - El Prat,Excellent,10,Mild,26,Warm,55,Dry,2640,Very High Sunshine,Good,Very High,Very Large,Excellent,Good,Excellent,Excellent,Excellent,Good,35,Many,Good,Excellent,Good,Good,Excellent,Excellent,Excellent,Excellent,Excellent,Excellent,Excellent,Good,Excellent,,,,,,,,"Beach, Cosmopolitan, Nightlife, Design, Mediterranean, Vibrant",
Barcelona,Spain,Southern Europe,Visa,premium,,,,,,,,,,,,,,,,,,,,,,,,,,,,,,,,,,,,,,,,,,,,Excellent,,,,,,,,,,,,,,,,,,Average,Yes,Non-Lucrative Visa / Digital Nomad,Short-term (1 year),24,Moderate Tax,Beckham Law (24% flat for new residents),,"Tax: Beckham law for new residents | Community: Huge expat scene | Visa: New DN visa €2000+/mo income | Cowork: Betahaus, MOB | Cons: Pickpockets, crowds | Best for: Social butterflies, beach lovers"
Barcelona,Spain,Southern Europe,Tax,premium,,,,,,,,,,,,,,,,,,,,,,,,,,,,,,,,,,,,,,,,,,,,Excellent,,,,,,,,,,,,,,,,,,,,,,24,Moderate Tax,Beckham Law (24% flat for new residents),,
Berlin,Germany,Central Europe,General,free,1500,Moderate,3000,Moderate,800,Moderate,600,Moderate,1000,Moderate,750,Moderate,1550,Expensive,1150,Expensive,2000,Expensive,1500,Expensive,100-200,Good,Abundant,Good,Excellent,Excellent,Good,BER - Brandenburg,Excellent,1,Cold,23,Mild,106,Rainy,1658,Moderate Sunshine,Average,Very High,Very Large,Excellent,Excellent,Excellent,Excellent,Excellent,Average,40,Abundant,Average,Excellent,Excellent,Good,Excellent,Excellent,Excellent,Good,Good,Excellent,Excellent,Excellent,Excellent,,,,,,,,"Creative, Alternative, Tech, Nightlife, Liberal, Edgy, Raw",
Berlin,Germany,Central Europe,Visa,premium,,,,,,,,,,,,,,,,,,,,,,,,,,,,,,,,,,,,,,,,,,,,Excellent,,,,,,,,,,,,,,,,,,Average,No,Freelance Visa (Freiberufler),Long-term (3 years),42,Very High Tax,Freelancer (Freiberufler) friendly tax,,"Tax: Freelancers get Künstlersozialkasse benefits | Visa: Freiberufler for creatives/IT | Community: Massive startup scene | Cowork: Factory, Betahaus | Culture: Best club scene in Europe | Best for: Creatives, tech workers, night owls"
Berlin,Germany,Central Europe,Tax,premium,,,,,,,,,,,,,,,,,,,,,,,,,,,,,,,,,,,,,,,,,,,,Excellent,,,,,,,,,,,,,,,,,,,,,,42,Very High Tax,Freelancer (Freiberufler) friendly tax,,
Prague,Czech Republic,Central Europe,General,free,1100,Affordable,2400,Affordable,650,Moderate,450,Affordable,800,Moderate,550,Moderate,1200,Moderate,850,Moderate,1600,Moderate,1150,Moderate,80-150,Good,Many,Good,Excellent,Good,Excellent,PRG - Vaclav Havel,Good,0,Cold,22,Mild,90,Moderate,1885,Good Sunshine,Good,High,Very Large,Excellent,Good,Good,Good,Good,Good,30,Many,Good,Good,Excellent,Excellent,Good,Good,Good,Good,Good,Good,Good,Good,Excellent,,,,,,,,"Historic, Beer Culture, Affordable, Beautiful, Central, Fairy-tale",
Prague,Czech Republic,Central Europe,Visa,premium,,,,,,,,,,,,,,,,,,,,,,,,,,,,,,,,,,,,,,,,,,,,Good,,,,,,,,,,,,,,,,,,Average,Yes,Zivno (Trade License),Long-term (3 years),15,Low Tax,Low corporate tax (19% sole trader),,"Tax: Zivno license easy for freelancers | Visa: Zivno widely used by nomads | Cost: Very affordable for quality | Beer: Cheapest in Europe | Healthcare: Good and cheap | Best for: History lovers, budget conscious, central Europe base"
Prague,Czech Republic,Central Europe,Tax,premium,,,,,,,,,,,,,,,,,,,,,,,,,,,,,,,,,,,,,,,,,,,,Good,,,,,,,,,,,,,,,,,,,,,,15,Low Tax,Low corporate tax (19% sole trader),,
Budapest,Hungary,Central Europe,General,free,1000,Affordable,2200,Affordable,550,Affordable,400,Affordable,700,Affordable,500,Affordable,1050,Affordable,750,Affordable,1400,Affordable,1000,Affordable,120-200,Good,Moderate,Good,Good,Good,Good,BUD - Ferenc Liszt,Good,1,Cold,26,Warm,90,Moderate,2047,Good Sunshine,Good,High,Large,Excellent,Good,Good,Good,Good,Good,20,Moderate,Good,Good,Good,Good,Good,Good,Good,Good,Good,Good,Average,Average,Good,,,,,,,,"Thermal Baths, Affordable, Ruin Bars, Beautiful, Party, Historic",
Budapest,Hungary,Central Europe,Visa,premium,,,,,,,,,,,,,,,,,,,,,,,,,,,,,,,,,,,,,,,,,,,,Good,,,,,,,,,,,,,,,,,,Good,Yes,White Card,Short-term (1 year),15,Low Tax,KATA tax (fixed € 400/mo for freelancers),,"Tax: KATA fixed low tax for freelancers | Visa: White Card for DN | Cost: Extremely cheap for capital | Baths: Unique thermal spa culture | Nightlife: Famous ruin bars | Best for: Budget travelers, spa lovers, party scene"
Budapest,Hungary,Central Europe,Tax,premium,,,,,,,,,,,,,,,,,,,,,,,,,,,,,,,,,,,,,,,,,,,,Good,,,,,,,,,,,,,,,,,,,,,,15,Low Tax,KATA tax (fixed € 400/mo for freelancers),,
Tallinn,Estonia,Northern Europe,General,free,1300,Moderate,2700,Moderate,600,Affordable,450,Affordable,750,Moderate,550,Moderate,1150,Moderate,850,Moderate,1500,Moderate,1100,Moderate,200-500,Excellent,Moderate,Good,Good,Good,Good,TLL - Lennart Meri,Good,-5,Very Cold,20,Mild,80,Moderate,1900,Good Sunshine,Average,Medium,Medium,Good,Excellent,Good,Good,Good,Good,15,Moderate,Good,Good,Good,Excellent,Good,Good,Average,Good,Average,Good,Good,Good,Good,,,,,,,,"Digital, E-Residency, Medieval, Startup, Clean, Nordic, Tech-forward",
Tallinn,Estonia,Northern Europe,Visa,premium,,,,,,,,,,,,,,,,,,,,,,,,,,,,,,,,,,,,,,,,,,,,Good,,,,,,,,,,,,,,,,,,Excellent,Yes,Digital Nomad Visa,Short-term (1 year),20,Low Tax,E-Residency (manage EU company remotely),,"Tax: E-Residency to run EU company | Visa: DN visa very accessible | Internet: Fastest in Europe | Startups: Skype birthplace | Digital: Most advanced e-gov | Best for: Tech entrepreneurs, digital business owners"
Tallinn,Estonia,Northern Europe,Tax,premium,,,,,,,,,,,,,,,,,,,,,,,,,,,,,,,,,,,,,,,,,,,,Good,,,,,,,,,,,,,,,,,,,,,,20,Low Tax,E-Residency (manage EU company remotely),,
Valencia,Spain,Southern Europe,General,free,1300,Moderate,2600,Moderate,700,Moderate,500,Moderate,850,Moderate,600,Moderate,1300,Moderate,950,Moderate,1700,Moderate,1250,Moderate,150-300,Good,Many,Good,Excellent,Excellent,Excellent,VLC - Valencia,Good,11,Mild,27,Warm,60,Dry,2696,Very High Sunshine,Good,Medium-High,Large,Excellent,Good,Good,Good,Good,Excellent,25,Many,Excellent,Good,Good,Good,Excellent,Excellent,Good,Good,Excellent,Good,Good,Average,Good,,,,,,,,"Beach, Paella, Family-Friendly, Sunny, Relaxed, Mediterranean, Affordable",
Valencia,Spain,Southern Europe,Visa,premium,,,,,,,,,,,,,,,,,,,,,,,,,,,,,,,,,,,,,,,,,,,,Good,,,,,,,,,,,,,,,,,,Average,Yes,Digital Nomad Visa,Short-term (1 year),24,Moderate Tax,Beckham Law available,,"Tax: Beckham law option | Visa: New DN visa | Family: Excellent parks, beaches | Food: Paella origin | Cost: Cheaper than Barcelona | Best for: Families, beach lifestyle, foodies"
Valencia,Spain,Southern Europe,Tax,premium,,,,,,,,,,,,,,,,,,,,,,,,,,,,,,,,,,,,,,,,,,,,Good,,,,,,,,,,,,,,,,,,,,,,24,Moderate Tax,Beckham Law available,,
Porto,Portugal,Southern Europe,General,free,1200,Affordable,2500,Affordable,600,Affordable,450,Affordable,750,Moderate,550,Moderate,1150,Moderate,850,Moderate,1500,Moderate,1100,Moderate,100-200,Good,Moderate,Excellent,Good,Good,Good,OPO - Francisco SÃ¡ Carneiro,Good,10,Mild,24,Warm,120,Very Rainy,2538,High Sunshine,Average,Medium,Large,Excellent,Good,Good,Good,Good,Good,15,Moderate,Good,Good,Good,Good,Excellent,Good,Good,Good,Good,Good,Average,Average,Good,,,,,,,,"Wine, Charming, Authentic, Riverside, Food Scene, Affordable, Relaxed",
Porto,Portugal,Southern Europe,Visa,premium,,,,,,,,,,,,,,,,,,,,,,,,,,,,,,,,,,,,,,,,,,,,Good,,,,,,,,,,,,,,,,,,Good,Yes,D7/D8 Visa,Long-term (2 years),28,Moderate Tax,NHR regime available,,"Tax: NHR available | Visa: D7/D8 | Wine: Port wine region | Cost: Very affordable | Food: Amazing restaurant scene | Best for: Wine lovers, foodies, authentic Portugal experience"
Porto,Portugal,Southern Europe,Tax,premium,,,,,,,,,,,,,,,,,,,,,,,,,,,,,,,,,,,,,,,,,,,,Good,,,,,,,,,,,,,,,,,,,,,,28,Moderate Tax,NHR regime available,,
Athens,Greece,Southern Europe,General,free,1100,Affordable,2400,Affordable,550,Affordable,400,Affordable,650,Affordable,450,Affordable,1000,Affordable,700,Affordable,1300,Affordable,950,Affordable,50-100,Good,Moderate,Good,Good,Average,Good,ATH - Eleftherios Venizelos,Good,10,Mild,30,Hot,90,Moderate,2771,Very High Sunshine,Average,High,Medium,Good,Good,Good,Good,Good,Good,20,Moderate,Average,Good,Good,Good,Good,Good,Good,Good,Excellent,Good,Average,Average,Good,,,,,,,,"Ancient, Historic, Mediterranean, Affordable, Sunny, Island-Access, Cultural",
Athens,Greece,Southern Europe,Visa,premium,,,,,,,,,,,,,,,,,,,,,,,,,,,,,,,,,,,,,,,,,,,,Good,,,,,,,,,,,,,,,,,,Average,Yes,Digital Nomad Visa,Short-term (1 year),22,Moderate Tax,Reduced tax for new residents (50% reduction),,"Tax: 50% reduction for new tax residents | Visa: DN visa available | History: Unmatched ancient sites | Islands: Easy access to Greek islands | Cost: Very affordable | Best for: History buffs, island hoppers, sun seekers"
Athens,Greece,Southern Europe,Tax,premium,,,,,,,,,,,,,,,,,,,,,,,,,,,,,,,,,,,,,,,,,,,,Good,,,,,,,,,,,,,,,,,,,,,,22,Moderate Tax,Reduced tax for new residents (50% reduction),,
Krakow,Poland,Central Europe,General,free,950,Affordable,2100,Affordable,550,Affordable,400,Affordable,650,Affordable,450,Affordable,1000,Affordable,700,Affordable,1300,Affordable,950,Affordable,120-200,Good,Moderate,Good,Good,Good,Excellent,KRK - John Paul II,Good,-2,Cold,22,Mild,100,Rainy,1580,Moderate Sunshine,Average,Medium,Large,Good,Good,Good,Good,Good,Good,18,Moderate,Good,Good,Good,Excellent,Good,Good,Good,Good,Good,Good,Average,Average,Good,,,,,,,,"Medieval, Beer, Historic, Affordable, Students, Beautiful, Authentic",
Krakow,Poland,Central Europe,Visa,premium,,,,,,,,,,,,,,,,,,,,,,,,,,,,,,,,,,,,,,,,,,,,Good,,,,,,,,,,,,,,,,,,Average,No,Business/Freelance,Short-term (1 year),19,Low Tax,IP Box (5% tax on IP income),,"Tax: IP Box regime for tech | Cost: Very cheap | History: UNESCO old town | Cons: Cold winters | Best for: History lovers, budget conscious, winter sports nearby"
Krakow,Poland,Central Europe,Tax,premium,,,,,,,,,,,,,,,,,,,,,,,,,,,,,,,,,,,,,,,,,,,,Good,,,,,,,,,,,,,,,,,,,,,,19,Low Tax,IP Box (5% tax on IP income),,
Split,Croatia,Southern Europe,General,free,1200,Affordable,2500,Affordable,650,Moderate,450,Affordable,800,Moderate,550,Moderate,1200,Moderate,850,Moderate,1600,Moderate,1150,Moderate,50-120,Good,Few,Good,Average,Good,Good,SPU - Split,Average,9,Mild,28,Hot,80,Moderate,2700,Very High Sunshine,Low,Medium,Medium,Good,Good,Good,Good,Good,Good,12,Few,Good,Good,Good,Good,Good,Good,Good,Good,Excellent,Good,Average,Average,Good,,,,,,,,"Beach, Sailing, Dalmatian Coast, Historic, Islands, Summer Vibe, Relaxed",
Split,Croatia,Southern Europe,Visa,premium,,,,,,,,,,,,,,,,,,,,,,,,,,,,,,,,,,,,,,,,,,,,Good,,,,,,,,,,,,,,,,,,Average,Yes,Digital Nomad Visa,Short-term (1 year),25,Moderate Tax,Reduced rates for new residents,,"Tax: Digital nomad tax breaks | Visa: Croatia DN visa popular | Summer: Peak season amazing | Winter: Many places close | Islands: Easy island hopping | Best for: Summer nomads, sailing enthusiasts, island lovers"
Split,Croatia,Southern Europe,Tax,premium,,,,,,,,,,,,,,,,,,,,,,,,,,,,,,,,,,,,,,,,,,,,Good,,,,,,,,,,,,,,,,,,,,,,25,Moderate Tax,Reduced rates for new residents,,
Sofia,Bulgaria,Eastern Europe,General,free,800,Very Affordable,1800,Very Affordable,400,Very Affordable,300,Very Affordable,500,Very Affordable,350,Very Affordable,750,Very Affordable,550,Affordable,1000,Very Affordable,750,Affordable,80-150,Good,Few,Average,Good,Good,Good,SOF - Sofia,Average,0,Cold,24,Warm,100,Rainy,1800,Moderate Sunshine,Average,Medium,Medium,Good,Good,Good,Good,Good,Good,15,Moderate,Average,Good,Excellent,Good,Good,Good,Average,Good,Good,Average,Average,Average,Good,,,,,,,,"Affordable, Mountains, Skiing, Vitosha, Communist Architecture, Budget",
Sofia,Bulgaria,Eastern Europe,Visa,premium,,,,,,,,,,,,,,,,,,,,,,,,,,,,,,,,,,,,,,,,,,,,Good,,,,,,,,,,,,,,,,,,Average,Yes,D Visa for Freelancers,Short-term (1 year),10,Very Low Tax,Lowest tax in EU (10% flat),,"Tax: 10% flat income tax | Cost: Cheapest EU capital | Mountains: Vitosha for skiing/hiking | Internet: Good for price | Healthcare: Cheap but variable quality | Best for: Extreme budget, mountain lovers, winter sports"
Sofia,Bulgaria,Eastern Europe,Tax,premium,,,,,,,,,,,,,,,,,,,,,,,,,,,,,,,,,,,,,,,,,,,,Good,,,,,,,,,,,,,,,,,,,,,,10,Very Low Tax,Lowest tax in EU (10% flat),,
Bucharest,Romania,Eastern Europe,General,free,900,Very Affordable,2000,Very Affordable,500,Affordable,350,Affordable,600,Affordable,400,Affordable,950,Affordable,650,Affordable,1200,Affordable,850,Affordable,200-500,Excellent,Moderate,Average,Good,Average,Good,OTP - Henri CoandÄƒ,Good,0,Cold,25,Warm,90,Moderate,2100,Good Sunshine,Good,Medium,Medium,Good,Good,Good,Good,Good,Average,12,Few,Average,Good,Excellent,Good,Good,Good,Average,Good,Good,Good,Average,Average,Good,,,,,,,,"Fastest Internet, Affordable, Nightlife, Communist Past, Paris of East, Gritty",
Bucharest,Romania,Eastern Europe,Visa,premium,,,,,,,,,,,,,,,,,,,,,,,,,,,,,,,,,,,,,,,,,,,,Good,,,,,,,,,,,,,,,,,,Average,No,Freelance/Business,Short-term (1 year),10,Very Low Tax,Microenterprise (1-3% revenue tax),,"Tax: Microenterprise 1-3% on revenue | Internet: Fastest in Europe (500+ Mbps) | Cost: Very cheap | Nightlife: Underrated party scene | Best for: Digital workers needing speed, budget conscious"
Bucharest,Romania,Eastern Europe,Tax,premium,,,,,,,,,,,,,,,,,,,,,,,,,,,,,,,,,,,,,,,,,,,,Good,,,,,,,,,,,,,,,,,,,,,,10,Very Low Tax,Microenterprise (1-3% revenue tax),,
Tbilisi,Georgia,Eastern Europe,General,free,700,Very Affordable,1600,Very Affordable,350,Very Affordable,250,Very Affordable,450,Very Affordable,300,Very Affordable,700,Very Affordable,500,Very Affordable,900,Very Affordable,650,Very Affordable,50-100,Good,Few,Good,Average,Average,Good,TBS - Tbilisi International,Average,2,Cold,26,Warm,110,Rainy,2200,Good Sunshine,Average,Medium,Large,Good,Average,Good,Good,Good,Average,10,Few,Good,Average,Good,Excellent,Good,Good,Average,Average,Good,Average,Average,Average,Good,,,,,,,,"Cheap, Wine, Mountains, Unique, Caucasus, Startup Scene, Adventurous",
Tbilisi,Georgia,Eastern Europe,Visa,premium,,,,,,,,,,,,,,,,,,,,,,,,,,,,,,,,,,,,,,,,,,,,Good,,,,,,,,,,,,,,,,,,Good,Yes,Remotely from Georgia,Short-term (1 year),1,Very Low Tax,Territorial taxation (foreign income 0%),,"Tax: 0% on foreign income under territorial system | Visa: 1-year DN visa easy | Cost: Extremely cheap | Wine: Ancient wine culture | Culture: Unique Caucasus blend | Best for: Budget nomads, adventurers, wine lovers"
Tbilisi,Georgia,Eastern Europe,Tax,premium,,,,,,,,,,,,,,,,,,,,,,,,,,,,,,,,,,,,,,,,,,,,Good,,,,,,,,,,,,,,,,,,,,,,1,Very Low Tax,Territorial taxation (foreign income 0%),,
Belgrade,Serbia,Eastern Europe,General,free,850,Very Affordable,1900,Very Affordable,450,Affordable,300,Very Affordable,550,Affordable,400,Affordable,850,Affordable,600,Affordable,1100,Affordable,800,Affordable,80-150,Good,Few,Good,Average,Average,Good,BEG - Nikola Tesla,Average,1,Cold,25,Warm,100,Rainy,2068,Good Sunshine,Average,Medium,Medium,Good,Good,Excellent,Good,Excellent,Average,10,Few,Average,Average,Good,Good,Good,Good,Good,Good,Good,Average,Average,Average,Good,,,,,,,,"Party, Nightlife, Rakija, Affordable, Balkans, Gritty, Alternative, Underground",
Belgrade,Serbia,Eastern Europe,Visa,premium,,,,,,,,,,,,,,,,,,,,,,,,,,,,,,,,,,,,,,,,,,,,Good,,,,,,,,,,,,,,,,,,Average,No,Temporary Residence,Short-term (1 year),10,Very Low Tax,Lump sum taxation available,,"Tax: Low tax options | Nightlife: Amazing party scene | Cost: Very cheap | River: Danube and Sava confluence | Cons: Bureaucracy, smoking culture | Best for: Party lovers, budget travelers, Balkans base"
Belgrade,Serbia,Eastern Europe,Tax,premium,,,,,,,,,,,,,,,,,,,,,,,,,,,,,,,,,,,,,,,,,,,,Good,,,,,,,,,,,,,,,,,,,,,,10,Very Low Tax,Lump sum taxation available,,
Vilnius,Lithuania,Northern Europe,General,free,1100,Affordable,2400,Affordable,600,Affordable,400,Affordable,700,Affordable,500,Affordable,1050,Affordable,750,Affordable,1400,Affordable,1000,Affordable,120-250,Excellent,Few,Good,Good,Good,Good,VNO - Vilnius,Average,-4,Very Cold,21,Mild,90,Moderate,1800,Moderate Sunshine,Average,Medium,Medium,Good,Good,Good,Good,Good,Good,12,Few,Good,Good,Good,Excellent,Good,Good,Average,Good,Average,Good,Average,Average,Good,,,,,,,,"Baltic, Baroque, Affordable, Clean, Safe, Forest, Startup Scene",
Vilnius,Lithuania,Northern Europe,Visa,premium,,,,,,,,,,,,,,,,,,,,,,,,,,,,,,,,,,,,,,,,,,,,Good,,,,,,,,,,,,,,,,,,Good,Yes,Temporary Residence Permit,Short-term (1 year),15,Low Tax,Individual activity certificate (5% tax),,"Tax: Individual activity 5% for freelancers | Cost: Affordable | Safety: Very safe | Nature: Surrounded by forests | Fintech: Growing fintech scene | Best for: Solo digital workers, safety-conscious, nature lovers"
Vilnius,Lithuania,Northern Europe,Tax,premium,,,,,,,,,,,,,,,,,,,,,,,,,,,,,,,,,,,,,,,,,,,,Good,,,,,,,,,,,,,,,,,,,,,,15,Low Tax,Individual activity certificate (5% tax),,
Riga,Latvia,Northern Europe,General,free,1150,Affordable,2500,Affordable,600,Affordable,450,Affordable,750,Moderate,550,Moderate,1150,Moderate,850,Moderate,1500,Moderate,1100,Moderate,100-200,Good,Few,Good,Good,Good,Good,RIX - Riga International,Average,-3,Very Cold,21,Mild,95,Rainy,1750,Moderate Sunshine,Average,Medium,Medium,Good,Good,Good,Good,Good,Good,10,Few,Good,Good,Good,Excellent,Good,Good,Average,Good,Average,Good,Average,Average,Good,,,,,,,,"Art Nouveau, Baltic, Affordable, Architecture, Old Town, Beach Access",
Riga,Latvia,Northern Europe,Visa,premium,,,,,,,,,,,,,,,,,,,,,,,,,,,,,,,,,,,,,,,,,,,,Good,,,,,,,,,,,,,,,,,,Average,No,Temporary Residence,Short-term (1 year),20,Low Tax,Microenterprise tax (25% on profit),,"Tax: Microenterprise options | Architecture: Stunning Art Nouveau | Beach: Nearby Jurmala | Cost: Affordable | Old Town: UNESCO heritage | Best for: Architecture lovers, beach + city combo"
Riga,Latvia,Northern Europe,Tax,premium,,,,,,,,,,,,,,,,,,,,,,,,,,,,,,,,,,,,,,,,,,,,Good,,,,,,,,,,,,,,,,,,,,,,20,Low Tax,Microenterprise tax (25% on profit),,
Warsaw,Poland,Central Europe,General,free,1200,Affordable,2600,Affordable,650,Moderate,450,Affordable,800,Moderate,600,Moderate,1200,Moderate,900,Moderate,1600,Moderate,1200,Moderate,150-300,Good,Moderate,Good,Good,Good,Good,WAW - Chopin,Good,-1,Cold,23,Mild,100,Rainy,1600,Moderate Sunshine,Average,Medium-High,Medium,Good,Good,Good,Good,Good,Good,20,Moderate,Good,Good,Good,Good,Good,Good,Good,Good,Average,Good,Good,Good,Good,,,,,,,,"Modern, Business, Rebuilt, Growing, Tech Hub, Professional, Ambitious",
Warsaw,Poland,Central Europe,Visa,premium,,,,,,,,,,,,,,,,,,,,,,,,,,,,,,,,,,,,,,,,,,,,Good,,,,,,,,,,,,,,,,,,Average,No,Business/Work,Short-term (1 year),19,Low Tax,IP Box (5% for IT),,"Tax: IP Box for tech workers | Economy: Strongest in Eastern Europe | Modern: Rebuilt after WWII | Professional: Business-oriented | Cost: More expensive than Krakow but still affordable | Best for: Tech professionals, career-focused"
Warsaw,Poland,Central Europe,Tax,premium,,,,,,,,,,,,,,,,,,,,,,,,,,,,,,,,,,,,,,,,,,,,Good,,,,,,,,,,,,,,,,,,,,,,19,Low Tax,IP Box (5% for IT),,
Amsterdam,Netherlands,Western Europe,General,free,2200,Very Expensive,4500,Very Expensive,1300,Very Expensive,950,Very Expensive,1600,Very Expensive,1200,Very Expensive,2400,Very Expensive,1800,Very Expensive,3200,Very Expensive,2400,Very Expensive,200-500,Excellent,Abundant,Excellent,Excellent,Excellent,Excellent,AMS - Schiphol,Excellent,4,Cool,21,Mild,100,Rainy,1660,Moderate Sunshine,Good,Very High,Very Large,Excellent,Excellent,Good,Good,Excellent,Average,50,Abundant,Good,Excellent,Good,Excellent,Excellent,Excellent,Excellent,Excellent,Good,Excellent,Excellent,Excellent,Excellent,,,,,,,,"Bikes, Canals, Liberal, International, Expensive, Tech Hub, English-Friendly",
Amsterdam,Netherlands,Western Europe,Visa,premium,,,,,,,,,,,,,,,,,,,,,,,,,,,,,,,,,,,,,,,,,,,,Good,,,,,,,,,,,,,,,,,,Good,No,Highly Skilled Migrant,Very Long-term (5 years),37.1,High Tax,30% ruling (tax break for expats),,"Tax: 30% ruling gives significant break for qualified expats | Bikes: Best bike infrastructure globally | English: Everyone speaks English | Cost: Very expensive | Tech: Major startup hub | Best for: High earners, tech workers, bike enthusiasts"
Amsterdam,Netherlands,Western Europe,Tax,premium,,,,,,,,,,,,,,,,,,,,,,,,,,,,,,,,,,,,,,,,,,,,Good,,,,,,,,,,,,,,,,,,,,,,37.1,High Tax,30% ruling (tax break for expats),,
Copenhagen,Denmark,Northern Europe,General,free,2400,Very Expensive,5000,Very Expensive,1400,Very Expensive,1000,Very Expensive,1700,Very Expensive,1300,Very Expensive,2600,Very Expensive,1950,Very Expensive,3500,Very Expensive,2600,Very Expensive,150-300,Excellent,Many,Excellent,Excellent,Excellent,Excellent,CPH - Kastrup,Excellent,2,Cold,20,Mild,110,Rainy,1600,Moderate Sunshine,Average,Very High,Large,Excellent,Excellent,Good,Good,Good,Good,35,Many,Excellent,Excellent,Good,Excellent,Excellent,Excellent,Excellent,Excellent,Good,Good,Excellent,Excellent,Excellent,,,,,,,,"Hygge, Bikes, Design, Expensive, Quality of Life, Sustainable, Happy",
Copenhagen,Denmark,Northern Europe,Visa,premium,,,,,,,,,,,,,,,,,,,,,,,,,,,,,,,,,,,,,,,,,,,,Good,,,,,,,,,,,,,,,,,,Good,No,Work/Residence,Medium-term (2 years),37,High Tax,Limited tax liability possible,,"Tax: High but excellent services | Quality: Consistently top quality of life | Bikes: Cycling paradise | Cost: Extremely expensive | Design: Nordic design capital | Best for: High earners valuing quality, families, cyclists"
Copenhagen,Denmark,Northern Europe,Tax,premium,,,,,,,,,,,,,,,,,,,,,,,,,,,,,,,,,,,,,,,,,,,,Good,,,,,,,,,,,,,,,,,,,,,,37,High Tax,Limited tax liability possible,,
Stockholm,Sweden,Northern Europe,General,free,2300,Very Expensive,4800,Very Expensive,1300,Very Expensive,950,Very Expensive,1600,Very Expensive,1200,Very Expensive,2450,Very Expensive,1850,Very Expensive,3300,Very Expensive,2500,Very Expensive,200-400,Excellent,Many,Good,Excellent,Excellent,Good,ARN - Arlanda,Excellent,-2,Cold,21,Mild,110,Rainy,1900,Good Sunshine,Average,Very High,Large,Excellent,Excellent,Good,Good,Good,Good,30,Many,Good,Excellent,Good,Excellent,Excellent,Excellent,Excellent,Excellent,Good,Excellent,Excellent,Excellent,Excellent,,,,,,,,"Archipelago, Design, Innovative, Expensive, Islands, Tech, Beautiful, Clean",
Stockholm,Sweden,Northern Europe,Visa,premium,,,,,,,,,,,,,,,,,,,,,,,,,,,,,,,,,,,,,,,,,,,,Good,,,,,,,,,,,,,,,,,,Average,No,Work Permit,Medium-term (2 years),30,Moderate Tax,Forskarskattenämnden (expat scientist tax),,"Tax: High tax but great services | Tech: Spotify, Klarna birthplace | Nature: Stunning archipelago | Cost: Very expensive | Innovation: Leading startup scene | Best for: Tech workers, nature lovers, innovation-focused"
Stockholm,Sweden,Northern Europe,Tax,premium,,,,,,,,,,,,,,,,,,,,,,,,,,,,,,,,,,,,,,,,,,,,Good,,,,,,,,,,,,,,,,,,,,,,30,Moderate Tax,Forskarskattenämnden (expat scientist tax),,
Edinburgh,Scotland,Western Europe,General,free,1700,Expensive,3500,Expensive,900,Expensive,650,Moderate,1100,Expensive,800,Expensive,1650,Expensive,1250,Expensive,2200,Expensive,1650,Expensive,100-200,Good,Moderate,Good,Good,Good,Excellent,EDI - Edinburgh,Good,4,Cool,18,Cool,80,Moderate,1447,Low Sunshine,Average,Medium-High,Large,Good,Excellent,Good,Good,Good,Good,25,Many,Good,Excellent,Good,Good,Excellent,Good,Good,Good,Good,Excellent,Good,Good,Good,,,,,,,,"Castle, Festival, Whisky, Historic, Literary, Hilly, Rainy, Cultural",
Edinburgh,Scotland,Western Europe,Visa,premium,,,,,,,,,,,,,,,,,,,,,,,,,,,,,,,,,,,,,,,,,,,,Good,,,,,,,,,,,,,,,,,,Average,No,Skilled Worker Visa,Very Long-term (5 years),20,Low Tax,No special schemes post-Brexit,,"Tax: UK standard rates | Festival: World's largest arts festival (August) | Culture: UNESCO City of Literature | Cons: Weather, expensive | Best for: Culture lovers, English speakers, festival enthusiasts"
Edinburgh,Scotland,Western Europe,Tax,premium,,,,,,,,,,,,,,,,,,,,,,,,,,,,,,,,,,,,,,,,,,,,Good,,,,,,,,,,,,,,,,,,,,,,20,Low Tax,No special schemes post-Brexit,,
Dublin,Ireland,Western Europe,General,free,2100,Very Expensive,4300,Very Expensive,1400,Very Expensive,1000,Very Expensive,1700,Very Expensive,1250,Very Expensive,2550,Very Expensive,1900,Very Expensive,3400,Very Expensive,2550,Very Expensive,150-300,Good,Moderate,Good,Good,Good,Good,DUB - Dublin,Excellent,6,Cool,19,Cool,90,Moderate,1450,Low Sunshine,Average,Very High,Very Large,Excellent,Excellent,Excellent,Excellent,Excellent,Good,30,Many,Good,Good,Good,Good,Excellent,Excellent,Good,Good,Good,Good,Excellent,Excellent,Excellent,,,,,,,,"Tech Hub, Pubs, English, Rainy, Google/Facebook/Apple HQ, Friendly, Expensive",
Dublin,Ireland,Western Europe,Visa,premium,,,,,,,,,,,,,,,,,,,,,,,,,,,,,,,,,,,,,,,,,,,,Excellent,,,,,,,,,,,,,,,,,,Average,No,Critical Skills,Medium-term (2 years),20,Low Tax,Special Assignee Relief Programme (SARP),,"Tax: SARP for high earners | Tech: European HQ for major tech companies | English: Native English speaking | Cost: Very expensive housing | Social: Famous pub culture | Best for: Tech workers, English speakers, high earners"
Dublin,Ireland,Western Europe,Tax,premium,,,,,,,,,,,,,,,,,,,,,,,,,,,,,,,,,,,,,,,,,,,,Excellent,,,,,,,,,,,,,,,,,,,,,,20,Low Tax,Special Assignee Relief Programme (SARP),,
Munich,Germany,Western Europe,General,free,2000,Expensive,4200,Expensive,1150,Very Expensive,850,Very Expensive,1400,Very Expensive,1050,Very Expensive,2100,Very Expensive,1600,Very Expensive,2800,Very Expensive,2100,Very Expensive,150-300,Excellent,Many,Good,Excellent,Excellent,Excellent,MUC - Franz Josef Strauss,Excellent,-1,Cold,23,Mild,90,Moderate,1755,Moderate Sunshine,Average,Very High,Large,Excellent,Excellent,Good,Good,Good,Good,35,Many,Good,Excellent,Good,Excellent,Excellent,Excellent,Good,Excellent,Excellent,Good,Excellent,Good,Excellent,,,,,,,,"Beer Gardens, Oktoberfest, Quality of Life, Alps, Expensive, Clean, Efficient",
Munich,Germany,Western Europe,Visa,premium,,,,,,,,,,,,,,,,,,,,,,,,,,,,,,,,,,,,,,,,,,,,Good,,,,,,,,,,,,,,,,,,Average,No,Freelance Visa,Long-term (3 years),42,Very High Tax,Freelancer friendly,,"Tax: Standard German rates | Quality: Highest quality German city | Alps: Mountains 1 hour away | Oktoberfest: World's largest beer festival | Cost: Expensive | Best for: High earners, families, mountain lovers, beer enthusiasts"
Munich,Germany,Western Europe,Tax,premium,,,,,,,,,,,,,,,,,,,,,,,,,,,,,,,,,,,,,,,,,,,,Good,,,,,,,,,,,,,,,,,,,,,,42,Very High Tax,Freelancer friendly,,
Vienna,Austria,Western Europe,General,free,1800,Expensive,3800,Expensive,900,Expensive,650,Moderate,1100,Expensive,800,Expensive,1650,Expensive,1250,Expensive,2200,Expensive,1650,Expensive,100-200,Excellent,Many,Excellent,Excellent,Excellent,Excellent,VIE - Vienna International,Excellent,0,Cold,25,Warm,90,Moderate,1992,Good Sunshine,Average,Very High,Large,Excellent,Excellent,Good,Good,Good,Excellent,40,Abundant,Excellent,Excellent,Good,Excellent,Excellent,Excellent,Good,Good,Good,Excellent,Good,Good,Good,,,,,,,,"Classical Music, Coffee Houses, Imperial, Quality of Life, Culture, Elegant",
Vienna,Austria,Western Europe,Visa,premium,,,,,,,,,,,,,,,,,,,,,,,,,,,,,,,,,,,,,,,,,,,,Good,,,,,,,,,,,,,,,,,,Average,No,Red-White-Red Card,Medium-term (2 years),35,High Tax,Favorable for entrepreneurs,,"Tax: Moderate for Austria | Culture: Opera, museums, classical music | Coffee: Traditional coffee house culture | Quality: Consistently top liveable city | Cost: More affordable than Munich | Best for: Culture lovers, classical music fans, families"
Vienna,Austria,Western Europe,Tax,premium,,,,,,,,,,,,,,,,,,,,,,,,,,,,,,,,,,,,,,,,,,,,Good,,,,,,,,,,,,,,,,,,,,,,35,High Tax,Favorable for entrepreneurs,,
Malta,Malta,Southern Europe,General,free,1600,Moderate,3300,Moderate,800,Moderate,600,Moderate,1000,Moderate,750,Moderate,1550,Expensive,1150,Expensive,2000,Expensive,1500,Expensive,100-200,Good,Few,Good,Average,Average,Good,MLA - Malta International,Good,13,Warm,28,Hot,50,Very Dry,3000,Very High Sunshine,Good,Very High,Very Large,Excellent,Excellent,Good,Good,Good,Good,25,Many,Average,Good,Good,Excellent,Good,Good,Good,Good,Excellent,Good,Good,Average,Good,,,,,,,,"Island, English-Speaking, EU, Sunny, Diving, Small, Gaming/iGaming Hub",
Malta,Malta,Southern Europe,Visa,premium,,,,,,,,,,,,,,,,,,,,,,,,,,,,,,,,,,,,,,,,,,,,Good,,,,,,,,,,,,,,,,,,Good,Yes,Nomad Residence Permit,Short-term (1 year),15,Low Tax,Global Residence Programme (15% cap),,"Tax: 15% flat for residence programme | English: Official language (ex-British) | EU: Only English-speaking EU country post-Brexit | Gaming: iGaming industry hub | Small: Can feel limiting long-term | Best for: English speakers, sun/sea lovers, gaming industry"
Malta,Malta,Southern Europe,Tax,premium,,,,,,,,,,,,,,,,,,,,,,,,,,,,,,,,,,,,,,,,,,,,Good,,,,,,,,,,,,,,,,,,,,,,15,Low Tax,Global Residence Programme (15% cap),,
Malaga,Spain,Southern Europe,General,free,1250,Moderate,2600,Moderate,700,Moderate,500,Moderate,850,Moderate,600,Moderate,1300,Moderate,950,Moderate,1700,Moderate,1250,Moderate,100-200,Good,Moderate,Good,Good,Good,Excellent,AGP - Costa del Sol,Good,13,Warm,28,Hot,50,Very Dry,2901,Very High Sunshine,Average,Medium-High,Large,Good,Good,Good,Good,Good,Good,20,Moderate,Good,Good,Good,Good,Excellent,Good,Good,Good,Excellent,Good,Average,Average,Good,,,,,,,,"Sunny, Beach, Retirement, Costa del Sol, Affordable, Year-round Sun, Relaxed",
Malaga,Spain,Southern Europe,Visa,premium,,,,,,,,,,,,,,,,,,,,,,,,,,,,,,,,,,,,,,,,,,,,Good,,,,,,,,,,,,,,,,,,Average,Yes,Digital Nomad Visa,Short-term (1 year),24,Moderate Tax,Beckham Law,,"Tax: Beckham Law available | Sun: 300+ sunny days | Cost: Very affordable for Spain | Beach: Year-round beach weather | Expats: Large retirement community | Best for: Sun seekers, beach lovers, retirees"
Malaga,Spain,Southern Europe,Tax,premium,,,,,,,,,,,,,,,,,,,,,,,,,,,,,,,,,,,,,,,,,,,,Good,,,,,,,,,,,,,,,,,,,,,,24,Moderate Tax,Beckham Law,,
Nice,France,Western Europe,General,free,1900,Expensive,3900,Expensive,1000,Expensive,700,Expensive,1200,Expensive,900,Expensive,1800,Expensive,1350,Expensive,2400,Expensive,1800,Expensive,100-200,Good,Moderate,Excellent,Good,Good,Good,NCE - CÃ´te d'Azur,Good,9,Mild,26,Warm,90,Moderate,2724,Very High Sunshine,Average,High,Medium,Good,Good,Good,Good,Good,Good,25,Many,Good,Good,Good,Good,Excellent,Excellent,Good,Good,Excellent,Good,Good,Average,Good,,,,,,,,"French Riviera, Beach, Expensive, Elegant, Mediterranean, Art, Glamorous",
Nice,France,Western Europe,Visa,premium,,,,,,,,,,,,,,,,,,,,,,,,,,,,,,,,,,,,,,,,,,,,Good,,,,,,,,,,,,,,,,,,Low,No,Talent Passport,Long-term (4 years),30,Moderate Tax,Auto-entrepreneur status,,"Tax: French rates high | Riviera: Stunning coastline | Cost: Expensive | French: Lower English proficiency | Art: Matisse, Chagall museums | Best for: High earners, francophiles, art lovers, beach + culture"
Nice,France,Western Europe,Tax,premium,,,,,,,,,,,,,,,,,,,,,,,,,,,,,,,,,,,,,,,,,,,,Good,,,,,,,,,,,,,,,,,,,,,,30,Moderate Tax,Auto-entrepreneur status,,
Sarajevo,Bosnia,Southern Europe,General,free,700,Very Affordable,1600,Very Affordable,350,Very Affordable,250,Very Affordable,400,Very Affordable,300,Very Affordable,650,Very Affordable,450,Very Affordable,800,Very Affordable,600,Very Affordable,50-100,Average,Very Few,Average,Average,Average,Good,SJJ - Sarajevo International,Low,0,Cold,24,Warm,110,Rainy,1800,Moderate Sunshine,Average,Small,Small,Average,Average,Average,Average,Average,Average,8,Very Few,Average,Average,Excellent,Good,Average,Good,Average,Average,Good,Average,Low,Low,Average,,,,,,,,"Affordable, Historic, Ottoman, Austro-Hungarian, Mountains, War History",
Sarajevo,Bosnia,Southern Europe,Visa,premium,,,,,,,,,,,,,,,,,,,,,,,,,,,,,,,,,,,,,,,,,,,,Average,,,,,,,,,,,,,,,,,,Low,No,Temporary Residence,Short-term (1 year),10,Very Low Tax,Low tax rates,,"Tax: Very low rates | Cost: Extremely cheap | History: Unique Ottoman-Austrian blend | Skiing: Olympics mountains nearby | Cons: Limited infrastructure, bureaucracy | Best for: Extreme budget, history buffs, off-beaten-path"
Sarajevo,Bosnia,Southern Europe,Tax,premium,,,,,,,,,,,,,,,,,,,,,,,,,,,,,,,,,,,,,,,,,,,,Average,,,,,,,,,,,,,,,,,,,,,,10,Very Low Tax,Low tax rates,,
Tirana,Albania,Southern Europe,General,free,750,Very Affordable,1700,Very Affordable,350,Very Affordable,250,Very Affordable,450,Very Affordable,300,Very Affordable,700,Very Affordable,500,Very Affordable,900,Very Affordable,650,Very Affordable,50-120,Average,Very Few,Average,Average,Average,Good,TIA - Mother Teresa,Average,8,Mild,28,Hot,120,Very Rainy,2500,High Sunshine,Average,Small,Growing,Average,Average,Good,Good,Good,Average,8,Very Few,Average,Average,Excellent,Good,Good,Good,Average,Good,Excellent,Average,Low,Low,Average,,,,,,,,"Cheap, Mountains, Beach Access, Albanian Alps, Developing, Colorful, Chaotic",
Tirana,Albania,Southern Europe,Visa,premium,,,,,,,,,,,,,,,,,,,,,,,,,,,,,,,,,,,,,,,,,,,,Good,,,,,,,,,,,,,,,,,,Average,No,Residence Permit,Short-term (1 year),10,Very Low Tax,Simplified tax for small business,,"Tax: Low 10% rate | Cost: One of cheapest in Europe | Dual: Mountains and beaches accessible | Developing: Rapidly improving | Cons: Infrastructure gaps, bureaucracy | Best for: Adventurous, extreme budget, beach + mountains"
Tirana,Albania,Southern Europe,Tax,premium,,,,,,,,,,,,,,,,,,,,,,,,,,,,,,,,,,,,,,,,,,,,Good,,,,,,,,,,,,,,,,,,,,,,10,Very Low Tax,Simplified tax for small business,,
Brno,Czech Republic,Central Europe,General,free,950,Affordable,2100,Affordable,550,Affordable,400,Affordable,650,Affordable,450,Affordable,1000,Affordable,700,Affordable,1300,Affordable,950,Affordable,80-150,Good,Few,Good,Good,Good,Good,BRQ - Turany,Average,0,Cold,22,Mild,90,Moderate,1900,Good Sunshine,Low,Medium,Medium,Good,Good,Good,Good,Good,Good,15,Moderate,Good,Good,Good,Excellent,Good,Good,Average,Good,Good,Good,Average,Average,Good,,,,,,,,"Students, Tech, Affordable, Quieter Prague, University, Central, Underrated",
Brno,Czech Republic,Central Europe,Visa,premium,,,,,,,,,,,,,,,,,,,,,,,,,,,,,,,,,,,,,,,,,,,,Good,,,,,,,,,,,,,,,,,,Average,Yes,Zivno,Long-term (3 years),15,Low Tax,Zivno available,,"Tax: Zivno license | Cost: Cheaper than Prague | Students: Large university population | Tech: Growing tech scene | Central: Easy access to Vienna, Bratislava | Best for: Budget Prague alternative, students, quieter lifestyle"
Brno,Czech Republic,Central Europe,Tax,premium,,,,,,,,,,,,,,,,,,,,,,,,,,,,,,,,,,,,,,,,,,,,Good,,,,,,,,,,,,,,,,,,,,,,15,Low Tax,Zivno available,,
Gdansk,Poland,Central Europe,General,free,1000,Affordable,2200,Affordable,550,Affordable,400,Affordable,700,Affordable,500,Affordable,1050,Affordable,750,Affordable,1400,Affordable,1000,Affordable,100-200,Good,Few,Good,Good,Good,Good,GDN - Lech WaÅ‚Ä™sa,Average,0,Cold,20,Mild,100,Rainy,1600,Moderate Sunshine,Low,Medium,Small,Good,Good,Good,Good,Good,Good,12,Few,Good,Good,Good,Excellent,Good,Good,Average,Good,Good,Good,Average,Average,Good,,,,,,,,"Baltic, Hanseatic, Beach, Historic, Solidarity, Amber, Coastal, Authentic",
Gdansk,Poland,Central Europe,Visa,premium,,,,,,,,,,,,,,,,,,,,,,,,,,,,,,,,,,,,,,,,,,,,Good,,,,,,,,,,,,,,,,,,Average,No,Business,Short-term (1 year),19,Low Tax,IP Box available,,"Tax: IP Box for tech | Coast: Baltic Sea beaches | History: Hanseatic League, Solidarity movement | Cost: Affordable | Summer: Short but nice | Best for: History buffs, coastal lovers, budget conscious"
Gdansk,Poland,Central Europe,Tax,premium,,,,,,,,,,,,,,,,,,,,,,,,,,,,,,,,,,,,,,,,,,,,Good,,,,,,,,,,,,,,,,,,,,,,19,Low Tax,IP Box available,,
Ljubljana,Slovenia,Central Europe,General,free,1300,Moderate,2700,Moderate,650,Moderate,500,Moderate,800,Moderate,600,Moderate,1200,Moderate,900,Moderate,1600,Moderate,1200,Moderate,100-200,Good,Few,Good,Good,Excellent,Excellent,LJU - JoÅ¾e PuÄnik,Average,1,Cold,24,Warm,100,Rainy,1900,Good Sunshine,Average,Small,Small,Good,Good,Good,Average,Good,Good,10,Few,Good,Excellent,Good,Excellent,Good,Good,Good,Good,Excellent,Good,Average,Average,Good,,,,,,,,"Green, Dragon, Small, Central, Alps, Safe, Clean, Charming, Compact",
Ljubljana,Slovenia,Central Europe,Visa,premium,,,,,,,,,,,,,,,,,,,,,,,,,,,,,,,,,,,,,,,,,,,,Average,,,,,,,,,,,,,,,,,,Average,No,Temporary Residence,Short-term (1 year),22,Moderate Tax,Flat tax for small business,,"Green: European Green Capital | Small: Entire old town walkable | Central: Easy access to Alps, Adriatic, Vienna | Safe: Very safe and clean | Size: Can feel limiting | Best for: Nature lovers, families, quality of life seekers"
Ljubljana,Slovenia,Central Europe,Tax,premium,,,,,,,,,,,,,,,,,,,,,,,,,,,,,,,,,,,,,,,,,,,,Average,,,,,,,,,,,,,,,,,,,,,,22,Moderate Tax,Flat tax for small business,,
Cluj-Napoca,Romania,Eastern Europe,General,free,850,Very Affordable,1900,Very Affordable,450,Affordable,300,Very Affordable,550,Affordable,400,Affordable,850,Affordable,600,Affordable,1100,Affordable,800,Affordable,150-300,Excellent,Few,Average,Good,Good,Good,CLJ - Avram Iancu,Average,-2,Cold,23,Mild,100,Rainy,1900,Good Sunshine,Average,Medium,Medium,Good,Good,Good,Good,Good,Average,10,Few,Average,Good,Excellent,Good,Good,Good,Average,Good,Good,Good,Good,Good,Good,,,,,,,,"Tech Hub, Students, Transylvania, Affordable, Romanian Silicon Valley, Growing",
Cluj-Napoca,Romania,Eastern Europe,Visa,premium,,,,,,,,,,,,,,,,,,,,,,,,,,,,,,,,,,,,,,,,,,,,Good,,,,,,,,,,,,,,,,,,Average,No,Residence,Short-term (1 year),10,Very Low Tax,Microenterprise tax,,"Tax: Microenterprise 1-3% | Tech: Romania's tech capital | Students: Large university population | Cost: Very affordable | Internet: Excellent speeds | Best for: Tech workers, budget conscious, startup scene"
Cluj-Napoca,Romania,Eastern Europe,Tax,premium,,,,,,,,,,,,,,,,,,,,,,,,,,,,,,,,,,,,,,,,,,,,Good,,,,,,,,,,,,,,,,,,,,,,10,Very Low Tax,Microenterprise tax,,
Wroclaw,Poland,Central Europe,General,free,1000,Affordable,2200,Affordable,550,Affordable,400,Affordable,700,Affordable,500,Affordable,1050,Affordable,750,Affordable,1400,Affordable,1000,Affordable,120-200,Good,Moderate,Good,Good,Good,Excellent,WRO - Nicolaus Copernicus,Average,-1,Cold,22,Mild,100,Rainy,1650,Moderate Sunshine,Low,Medium,Medium,Good,Good,Good,Good,Good,Good,15,Moderate,Good,Good,Good,Excellent,Good,Good,Good,Good,Good,Good,Average,Average,Good,,,,,,,,"Dwarfs, Market Square, Gnomes, Beautiful, Students, Affordable, Charming",
Wroclaw,Poland,Central Europe,Visa,premium,,,,,,,,,,,,,,,,,,,,,,,,,,,,,,,,,,,,,,,,,,,,Good,,,,,,,,,,,,,,,,,,Average,No,Business,Short-term (1 year),19,Low Tax,IP Box,,"Tax: IP Box for IT workers | Dwarfs: 600+ dwarf statues (unique) | Square: Stunning market square | Cost: Affordable | Students: Young, energetic vibe | Best for: Budget travelers, unique culture seekers"
Wroclaw,Poland,Central Europe,Tax,premium,,,,,,,,,,,,,,,,,,,,,,,,,,,,,,,,,,,,,,,,,,,,Good,,,,,,,,,,,,,,,,,,,,,,19,Low Tax,IP Box,,
Seville,Spain,Southern Europe,General,free,1200,Affordable,2500,Affordable,650,Moderate,450,Affordable,800,Moderate,550,Moderate,1200,Moderate,850,Moderate,1600,Moderate,1150,Moderate,100-150,Good,Few,Good,Good,Good,Good,SVQ - San Pablo,Good,11,Mild,32,Very Hot,50,Very Dry,2917,Very High Sunshine,Average,Medium,Medium,Good,Good,Good,Good,Good,Good,18,Moderate,Good,Good,Good,Good,Excellent,Good,Good,Good,Good,Good,Average,Average,Good,,,,,,,,"Flamenco, Tapas, Hot Summers, Authentic, Culture, Feria, Passionate, Traditional",
Seville,Spain,Southern Europe,Visa,premium,,,,,,,,,,,,,,,,,,,,,,,,,,,,,,,,,,,,,,,,,,,,Good,,,,,,,,,,,,,,,,,,Average,Yes,Digital Nomad Visa,Short-term (1 year),24,Moderate Tax,Beckham Law,,"Tax: Beckham Law available | Culture: Authentic Spanish culture, flamenco | Heat: Extremely hot summers (40+°C) | Cost: Affordable | Tapas: Amazing food scene | Best for: Culture immersion, foodies, winter nomads (avoid summer)"
Seville,Spain,Southern Europe,Tax,premium,,,,,,,,,,,,,,,,,,,,,,,,,,,,,,,,,,,,,,,,,,,,Good,,,,,,,,,,,,,,,,,,,,,,24,Moderate Tax,Beckham Law,,
Granada,Spain,Southern Europe,General,free,1000,Affordable,2200,Affordable,550,Affordable,400,Affordable,700,Affordable,500,Affordable,1050,Affordable,750,Affordable,1400,Affordable,1000,Affordable,80-150,Good,Few,Good,Good,Good,Excellent,GRX - Federico GarcÃ­a Lorca,Average,8,Mild,30,Hot,80,Moderate,2900,Very High Sunshine,Low,Medium,Medium,Good,Good,Good,Good,Good,Good,15,Moderate,Good,Good,Good,Good,Excellent,Good,Good,Good,Excellent,Good,Average,Average,Good,,,,,,,,"Alhambra, Moorish, Mountains, Sierra Nevada, Tapas Free, Students, Affordable",
Granada,Spain,Southern Europe,Visa,premium,,,,,,,,,,,,,,,,,,,,,,,,,,,,,,,,,,,,,,,,,,,,Good,,,,,,,,,,,,,,,,,,Average,Yes,Digital Nomad Visa,Short-term (1 year),24,Moderate Tax,Beckham Law,,"Tax: Beckham Law available | Alhambra: World-famous palace | Tapas: Free tapas with drinks | Skiing: Sierra Nevada 30 min away | Cost: Very affordable | Best for: History lovers, ski + city combo, budget travelers"
Granada,Spain,Southern Europe,Tax,premium,,,,,,,,,,,,,,,,,,,,,,,,,,,,,,,,,,,,,,,,,,,,Good,,,,,,,,,,,,,,,,,,,,,,24,Moderate Tax,Beckham Law,,
Naples,Italy,Southern Europe,General,free,1100,Affordable,2400,Affordable,600,Affordable,450,Affordable,750,Moderate,550,Moderate,1150,Moderate,850,Moderate,1500,Moderate,1100,Moderate,50-120,Average,Few,Good,Average,Average,Good,NAP - Capodichino,Good,9,Mild,28,Hot,100,Rainy,2500,High Sunshine,Good,Medium,Small,Average,Average,Good,Good,Good,Good,12,Few,Average,Good,Good,Good,Excellent,Good,Good,Good,Excellent,Good,Average,Average,Good,,,,,,,,"Pizza, Authentic, Chaotic, Vesuvius, Amalfi Coast, Gritty, Real Italy",
Naples,Italy,Southern Europe,Visa,premium,,,,,,,,,,,,,,,,,,,,,,,,,,,,,,,,,,,,,,,,,,,,Good,,,,,,,,,,,,,,,,,,Low,No,Elective Residence,Short-term (1 year),23,Moderate Tax,Flat tax for new residents (7% for 5 years),,"Tax: 7% flat tax for new residents | Pizza: Birthplace of pizza | Authentic: Real, unpolished Italy | Chaos: Disorganized, traffic, crime concerns | Coast: Access to Amalfi, Capri | Best for: Adventurous, Italian culture lovers, foodies"
Naples,Italy,Southern Europe,Tax,premium,,,,,,,,,,,,,,,,,,,,,,,,,,,,,,,,,,,,,,,,,,,,Good,,,,,,,,,,,,,,,,,,,,,,23,Moderate Tax,Flat tax for new residents (7% for 5 years),,
Thessaloniki,Greece,Southern Europe,General,free,1000,Affordable,2200,Affordable,550,Affordable,400,Affordable,650,Affordable,450,Affordable,1000,Affordable,700,Affordable,1300,Affordable,950,Affordable,80-150,Good,Few,Good,Good,Average,Good,SKG - Macedonia,Average,6,Cool,28,Hot,90,Moderate,2400,High Sunshine,Average,Medium,Small,Average,Good,Good,Good,Good,Good,15,Moderate,Average,Good,Good,Good,Good,Good,Good,Good,Good,Good,Average,Average,Good,,,,,,,,"Waterfront, Students, Affordable, Byzantine, Relaxed, Food Scene, Coastal",
Thessaloniki,Greece,Southern Europe,Visa,premium,,,,,,,,,,,,,,,,,,,,,,,,,,,,,,,,,,,,,,,,,,,,Good,,,,,,,,,,,,,,,,,,Average,No,Residence,Short-term (1 year),22,Moderate Tax,50% tax reduction scheme,,"Tax: 50% reduction available | Coast: Seafront promenade | Students: University town vibe | Food: Amazing food scene | Cost: Very affordable | Best for: Budget conscious, Greek culture, coastal lifestyle"
Thessaloniki,Greece,Southern Europe,Tax,premium,,,,,,,,,,,,,,,,,,,,,,,,,,,,,,,,,,,,,,,,,,,,Good,,,,,,,,,,,,,,,,,,,,,,22,Moderate Tax,50% tax reduction scheme,,
Plovdiv,Bulgaria,Eastern Europe,General,free,700,Very Affordable,1600,Very Affordable,350,Very Affordable,250,Very Affordable,450,Very Affordable,300,Very Affordable,700,Very Affordable,500,Very Affordable,900,Very Affordable,650,Very Affordable,80-150,Good,Very Few,Average,Average,Good,Good,PDV - Plovdiv,Low,0,Cold,24,Warm,100,Rainy,2100,Good Sunshine,Low,Small,Small,Average,Average,Average,Average,Average,Good,10,Few,Average,Good,Excellent,Good,Average,Good,Average,Average,Good,Average,Low,Low,Average,,,,,,,,"Ancient, Roman, Affordable, Cultural Capital 2019, Artistic, Hills, Authentic",
Plovdiv,Bulgaria,Eastern Europe,Visa,premium,,,,,,,,,,,,,,,,,,,,,,,,,,,,,,,,,,,,,,,,,,,,Average,,,,,,,,,,,,,,,,,,Average,No,D Visa,Short-term (1 year),10,Very Low Tax,10% flat tax,,"Tax: 10% flat tax | Ancient: Ancient Roman theater | Culture: 2019 European Capital of Culture | Cost: Extremely cheap | Size: Smaller, more authentic | Best for: Extreme budget, history lovers, off-beaten-path"
Plovdiv,Bulgaria,Eastern Europe,Tax,premium,,,,,,,,,,,,,,,,,,,,,,,,,,,,,,,,,,,,,,,,,,,,Average,,,,,,,,,,,,,,,,,,,,,,10,Very Low Tax,10% flat tax,,
Funchal,Madeira,Southern Europe,General,free,1400,Moderate,2900,Moderate,750,Moderate,550,Moderate,900,Moderate,650,Moderate,1400,Moderate,1000,Moderate,1800,Moderate,1300,Moderate,100-200,Good,Few,Good,Average,Good,Good,FNC - Cristiano Ronaldo,Good,17,Warm,23,Mild,80,Moderate,1900,Good Sunshine,Good,Medium,Large,Good,Good,Good,Average,Good,Good,15,Moderate,Good,Good,Good,Excellent,Good,Good,Good,Good,Excellent,Good,Average,Average,Excellent,,,,,,,,"Island Paradise, Digital Nomad Hub, Year-round Spring, Nature, Levadas, Remote",
Funchal,Madeira,Southern Europe,Visa,premium,,,,,,,,,,,,,,,,,,,,,,,,,,,,,,,,,,,,,,,,,,,,Average,,,,,,,,,,,,,,,,,,Good,Yes,D7/D8,Long-term (2 years),28,Moderate Tax,NHR available,,"Tax: NHR regime | Climate: Eternal spring (17-23°C) | Nature: Hiking, levadas, flowers | Remote: Island isolation | Community: Growing DN hub | Best for: Nature lovers, remote work, year-round mild weather"
Funchal,Madeira,Southern Europe,Tax,premium,,,,,,,,,,,,,,,,,,,,,,,,,,,,,,,,,,,,,,,,,,,,Average,,,,,,,,,,,,,,,,,,,,,,28,Moderate Tax,NHR available,,
Las Palmas,Gran Canaria,Southern Europe,General,free,1300,Moderate,2700,Moderate,700,Moderate,500,Moderate,850,Moderate,600,Moderate,1300,Moderate,950,Moderate,1700,Moderate,1250,Moderate,100-200,Good,Few,Good,Good,Good,Excellent,LPA - Gran Canaria,Good,18,Warm,24,Warm,40,Very Dry,2890,Very High Sunshine,Average,Medium,Large,Good,Good,Good,Good,Good,Good,18,Moderate,Good,Good,Good,Excellent,Good,Good,Good,Good,Excellent,Good,Average,Average,Excellent,,,,,,,,"Year-round Beach Weather, Canary Islands, Digital Nomad Hotspot, Surf, Eternal Spring",
Las Palmas,Gran Canaria,Southern Europe,Visa,premium,,,,,,,,,,,,,,,,,,,,,,,,,,,,,,,,,,,,,,,,,,,,Good,,,,,,,,,,,,,,,,,,Average,Yes,Digital Nomad Visa,Short-term (1 year),24,Moderate Tax,Beckham Law + Canary Islands ZEC (4% corporate),,"Tax: ZEC special tax zone (4%) + Beckham Law | Climate: Perfect year-round (18-24°C) | Beach: City beaches + surf spots | Community: Major DN hub | Remote: Island life | Best for: Beach lovers, surfers, year-round sun, remote workers"
Las Palmas,Gran Canaria,Southern Europe,Tax,premium,,,,,,,,,,,,,,,,,,,,,,,,,,,,,,,,,,,,,,,,,,,,Good,,,,,,,,,,,,,,,,,,,,,,24,Moderate Tax,Beckham Law + Canary Islands ZEC (4% corporate),,
Coimbra,Portugal,Southern Europe,General,free,1000,Affordable,2200,Affordable,550,Affordable,400,Affordable,650,Affordable,450,Affordable,1000,Affordable,700,Affordable,1300,Affordable,950,Affordable,100-200,Good,Very Few,Good,Good,Good,Good,No major international,Low,9,Mild,25,Warm,110,Rainy,2200,Good Sunshine,Low,Small,Small,Good,Good,Average,Average,Average,Good,8,Very Few,Good,Good,Good,Good,Good,Good,Good,Good,Good,Average,Average,Average,Good,,,,,,,,"University, Students, Historic, River, Authentic, Affordable, Academic, Traditional",
Coimbra,Portugal,Southern Europe,Visa,premium,,,,,,,,,,,,,,,,,,,,,,,,,,,,,,,,,,,,,,,,,,,,Average,,,,,,,,,,,,,,,,,,Good,Yes,D7/D8,Long-term (2 years),28,Moderate Tax,NHR available,,"Tax: NHR available | University: Oldest university in Portugal | Students: Young, energetic atmosphere | Cost: Very affordable | Authentic: Traditional Portuguese city | Best for: Budget travelers, academic atmosphere, authentic Portugal"
Coimbra,Portugal,Southern Europe,Tax,premium,,,,,,,,,,,,,,,,,,,,,,,,,,,,,,,,,,,,,,,,,,,,Average,,,,,,,,,,,,,,,,,,,,,,28,Moderate Tax,NHR available,,
Timisoara,Romania,Eastern Europe,General,free,800,Very Affordable,1800,Very Affordable,400,Very Affordable,300,Very Affordable,500,Very Affordable,350,Very Affordable,750,Very Affordable,550,Affordable,1000,Very Affordable,750,Affordable,120-250,Good,Few,Average,Good,Good,Good,TSR - Traian Vuia,Low,0,Cold,24,Warm,100,Rainy,1900,Good Sunshine,Low,Small,Small,Average,Good,Good,Good,Good,Average,8,Very Few,Average,Good,Excellent,Good,Average,Good,Average,Average,Good,Average,Average,Average,Average,,,,,,,,"Little Vienna, Affordable, Architecture, Cultural, Revolution 1989, Underrated",
Timisoara,Romania,Eastern Europe,Visa,premium,,,,,,,,,,,,,,,,,,,,,,,,,,,,,,,,,,,,,,,,,,,,Good,,,,,,,,,,,,,,,,,,Average,No,Residence,Short-term (1 year),10,Very Low Tax,Microenterprise,,"Tax: Microenterprise 1-3% | Architecture: Austro-Hungarian heritage | Culture: European Capital of Culture 2023 | Cost: Extremely cheap | History: 1989 revolution started here | Best for: Budget conscious, architecture lovers, off-beaten-path"
Timisoara,Romania,Eastern Europe,Tax,premium,,,,,,,,,,,,,,,,,,,,,,,,,,,,,,,,,,,,,,,,,,,,Good,,,,,,,,,,,,,,,,,,,,,,10,Very Low Tax,Microenterprise,,
Bratislava,Slovakia,Central Europe,General,free,1200,Affordable,2600,Affordable,600,Affordable,450,Affordable,750,Moderate,550,Moderate,1150,Moderate,850,Moderate,1500,Moderate,1100,Moderate,100-200,Good,Few,Good,Good,Good,Good,BTS - M. R. Å tefÃ¡nik,Average,1,Cold,24,Warm,90,Moderate,1900,Good Sunshine,Low,Small,Small,Good,Good,Average,Average,Average,Good,12,Few,Good,Good,Good,Excellent,Good,Good,Average,Good,Good,Average,Average,Average,Good,,,,,,,,"Compact, Vienna Access, Danube, Castle, Affordable, Small, Central, Underrated",
Bratislava,Slovakia,Central Europe,Visa,premium,,,,,,,,,,,,,,,,,,,,,,,,,,,,,,,,,,,,,,,,,,,,Average,,,,,,,,,,,,,,,,,,Average,No,Residence,Short-term (1 year),19,Low Tax,Flat tax,,"Vienna Access: 1 hour to Vienna | Small: Entire city easily walkable | Central: Access to Vienna, Budapest, Prague | Cost: Affordable | Size: Can feel limiting | Best for: Central Europe base, Vienna alternative, budget conscious"
Bratislava,Slovakia,Central Europe,Tax,premium,,,,,,,,,,,,,,,,,,,,,,,,,,,,,,,,,,,,,,,,,,,,Average,,,,,,,,,,,,,,,,,,,,,,19,Low Tax,Flat tax,,
Nicosia,Cyprus,Southern Europe,General,free,1400,Moderate,2900,Moderate,750,Moderate,550,Moderate,900,Moderate,650,Moderate,1350,Moderate,1000,Moderate,1800,Moderate,1350,Moderate,50-120,Good,Few,Good,Average,Average,Good,LCA - Larnaca (nearby),Average,12,Mild,30,Hot,90,Moderate,3000,Very High Sunshine,Low,Medium,Medium,Good,Good,Good,Good,Good,Good,15,Moderate,Average,Good,Good,Excellent,Good,Good,Good,Good,Good,Average,Average,Average,Good,,,,,,,,"Divided City, Tax Haven, Year-round Sun, British Influence, English-Friendly",
Nicosia,Cyprus,Southern Europe,Visa,premium,,,,,,,,,,,,,,,,,,,,,,,,,,,,,,,,,,,,,,,,,,,,Good,,,,,,,,,,,,,,,,,,Good,Yes,Digital Nomad Visa,Short-term (1 year),12.5,Low Tax,Non-dom status (0% tax on dividends/interest),,"Tax: Non-dom status extremely favorable | English: Former British colony, widely spoken | Divided: Only divided capital in world | Sun: Year-round sunshine | Cost: Moderate | Best for: Tax optimization, English speakers, sun seekers"
Nicosia,Cyprus,Southern Europe,Tax,premium,,,,,,,,,,,,,,,,,,,,,,,,,,,,,,,,,,,,,,,,,,,,Good,,,,,,,,,,,,,,,,,,,,,,12.5,Low Tax,Non-dom status (0% tax on dividends/interest),,
Groningen,Netherlands,Northern Europe,General,free,1500,Moderate,3200,Moderate,750,Moderate,550,Moderate,900,Moderate,700,Moderate,1400,Moderate,1050,Moderate,1800,Moderate,1350,Moderate,150-300,Excellent,Few,Good,Excellent,Excellent,Excellent,GRQ - Eelde,Low,2,Cold,20,Mild,100,Rainy,1600,Moderate Sunshine,Low,Medium,Small,Good,Excellent,Good,Average,Good,Good,15,Moderate,Good,Excellent,Good,Excellent,Good,Good,Good,Good,Good,Good,Good,Good,Good,,,,,,,,"Students, Bikes, Affordable Dutch City, University, Young, Sustainable, Compact",
Groningen,Netherlands,Northern Europe,Visa,premium,,,,,,,,,,,,,,,,,,,,,,,,,,,,,,,,,,,,,,,,,,,,Average,,,,,,,,,,,,,,,,,,Good,No,Highly Skilled,Very Long-term (5 years),37.1,High Tax,30% ruling available,,"Tax: 30% ruling for qualified expats | Students: Very young city | Bikes: Dutch cycling culture | Cost: Much cheaper than Amsterdam | Size: Small, provincial feel | Best for: Students, budget conscious Netherlands, cyclists"
Groningen,Netherlands,Northern Europe,Tax,premium,,,,,,,,,,,,,,,,,,,,,,,,,,,,,,,,,,,,,,,,,,,,Average,,,,,,,,,,,,,,,,,,,,,,37.1,High Tax,30% ruling available,,
Innsbruck,Austria,Western Europe,General,free,1700,Expensive,3600,Expensive,900,Expensive,650,Moderate,1100,Expensive,800,Expensive,1650,Expensive,1250,Expensive,2200,Expensive,1650,Expensive,100-200,Good,Very Few,Good,Good,Excellent,Good,INN - Innsbruck,Average,-2,Cold,23,Mild,110,Rainy,1900,Good Sunshine,Low,Medium,Small,Good,Good,Average,Average,Average,Excellent,15,Moderate,Good,Excellent,Good,Excellent,Good,Good,Good,Excellent,Excellent,Good,Average,Average,Good,,,,,,,,"Alps, Skiing, Mountain Sports, Olympic City, Nature, Austrian Culture, Small",
Innsbruck,Austria,Western Europe,Visa,premium,,,,,,,,,,,,,,,,,,,,,,,,,,,,,,,,,,,,,,,,,,,,Average,,,,,,,,,,,,,,,,,,Average,No,Red-White-Red Card,Medium-term (2 years),35,High Tax,Standard Austrian,,"Mountains: Surrounded by Alps | Skiing: World-class ski resorts | Olympics: Hosted twice | Nature: Unmatched mountain access | Small: Limited city amenities | Best for: Mountain lovers, winter sports enthusiasts, nature-focused"
Innsbruck,Austria,Western Europe,Tax,premium,,,,,,,,,,,,,,,,,,,,,,,,,,,,,,,,,,,,,,,,,,,,Average,,,,,,,,,,,,,,,,,,,,,,35,High Tax,Standard Austrian,,
Cork,Ireland,Western Europe,General,free,1600,Moderate,3400,Moderate,800,Moderate,600,Moderate,1000,Moderate,750,Moderate,1550,Expensive,1150,Expensive,2000,Expensive,1500,Expensive,150-300,Good,Few,Good,Good,Good,Good,ORK - Cork,Good,6,Cool,18,Cool,90,Moderate,1300,Low Sunshine,Low,Medium,Small,Good,Excellent,Good,Good,Good,Good,18,Moderate,Good,Good,Good,Good,Good,Good,Good,Good,Good,Good,Good,Good,Good,,,,,,,,"Rebel City, Friendlier Dublin, English, Food Scene, Smaller, Authentic, Coastal",
Cork,Ireland,Western Europe,Visa,premium,,,,,,,,,,,,,,,,,,,,,,,,,,,,,,,,,,,,,,,,,,,,Good,,,,,,,,,,,,,,,,,,Average,No,Critical Skills,Medium-term (2 years),20,Low Tax,SARP available,,"Tax: SARP for high earners | English: Native English | Friendly: Known for friendliness | Cost: Cheaper than Dublin | Tech: Apple European HQ | Best for: English speakers, friendlier alternative to Dublin, tech workers"
Cork,Ireland,Western Europe,Tax,premium,,,,,,,,,,,,,,,,,,,,,,,,,,,,,,,,,,,,,,,,,,,,Good,,,,,,,,,,,,,,,,,,,,,,20,Low Tax,SARP available,,
Aarhus,Denmark,Northern Europe,General,free,2000,Expensive,4200,Expensive,1200,Very Expensive,850,Very Expensive,1400,Very Expensive,1050,Very Expensive,2100,Very Expensive,1600,Very Expensive,2800,Very Expensive,2100,Very Expensive,150-300,Excellent,Moderate,Good,Excellent,Excellent,Good,AAR - Aarhus,Average,1,Cold,19,Cool,110,Rainy,1700,Moderate Sunshine,Low,Medium,Medium,Good,Excellent,Good,Good,Good,Good,20,Moderate,Good,Excellent,Good,Excellent,Excellent,Excellent,Excellent,Good,Good,Good,Good,Good,Good,,,,,,,,"Student City, Culture, Smaller Copenhagen, Affordable Danish, Design, Harbor",
Aarhus,Denmark,Northern Europe,Visa,premium,,,,,,,,,,,,,,,,,,,,,,,,,,,,,,,,,,,,,,,,,,,,Good,,,,,,,,,,,,,,,,,,Good,No,Work/Residence,Medium-term (2 years),37,High Tax,Standard Danish,,"Students: Large university | Culture: Cultural capital | Cost: Cheaper than Copenhagen | Quality: Danish quality of life | Size: More manageable than Copenhagen | Best for: Families, quality of life seekers, cheaper Denmark alternative"
Aarhus,Denmark,Northern Europe,Tax,premium,,,,,,,,,,,,,,,,,,,,,,,,,,,,,,,,,,,,,,,,,,,,Good,,,,,,,,,,,,,,,,,,,,,,37,High Tax,Standard Danish,,
